
-- Crear base de datos
IF DB_ID('LogisticaDB') IS NOT NULL
    DROP DATABASE LogisticaDB;
GO

CREATE DATABASE LogisticaDB;
GO

USE LogisticaDB;
GO

-- Tabla de zonas
CREATE TABLE zonas (
    id_zona INT PRIMARY KEY,
    nombre_zona VARCHAR(50)
);

INSERT INTO zonas VALUES
(1, 'Centro'),
(2, 'Norte'),
(3, 'Sur'),
(4, 'Oriente'),
(5, 'Poniente');

-- Tabla de transportistas
CREATE TABLE transportistas (
    id_transportista INT PRIMARY KEY,
    nombre VARCHAR(100)
);

INSERT INTO transportistas VALUES
(1, 'Transporte Express'),
(2, 'Logística Rápida'),
(3, 'Envíos del Sur');

-- Tabla de órdenes
CREATE TABLE ordenes (
    id_orden INT PRIMARY KEY,
    fecha_orden DATE,
    destino_zona INT,
    id_transportista INT,
    FOREIGN KEY (destino_zona) REFERENCES zonas(id_zona),
    FOREIGN KEY (id_transportista) REFERENCES transportistas(id_transportista)
);

-- Tabla de entregas
CREATE TABLE entregas (
    id_entrega INT PRIMARY KEY,
    id_orden INT,
    fecha_entrega DATE,
    estado VARCHAR(50),
    dias_retraso INT,
    FOREIGN KEY (id_orden) REFERENCES ordenes(id_orden)
);

INSERT INTO ordenes VALUES (1, '2023-01-29', 5, 1);
INSERT INTO ordenes VALUES (2, '2023-05-17', 3, 1);
INSERT INTO ordenes VALUES (3, '2024-01-07', 2, 2);
INSERT INTO ordenes VALUES (4, '2024-02-06', 1, 1);
INSERT INTO ordenes VALUES (5, '2023-01-27', 4, 1);
INSERT INTO ordenes VALUES (6, '2023-11-07', 2, 1);
INSERT INTO ordenes VALUES (7, '2023-11-16', 5, 1);
INSERT INTO ordenes VALUES (8, '2023-06-25', 4, 1);
INSERT INTO ordenes VALUES (9, '2023-10-27', 3, 1);
INSERT INTO ordenes VALUES (10, '2023-04-15', 4, 1);
INSERT INTO ordenes VALUES (11, '2024-03-08', 1, 1);
INSERT INTO ordenes VALUES (12, '2023-01-11', 1, 1);
INSERT INTO ordenes VALUES (13, '2023-11-05', 2, 2);
INSERT INTO ordenes VALUES (14, '2023-12-04', 2, 1);
INSERT INTO ordenes VALUES (15, '2023-10-11', 3, 3);
INSERT INTO ordenes VALUES (16, '2023-10-08', 2, 3);
INSERT INTO ordenes VALUES (17, '2023-11-09', 1, 1);
INSERT INTO ordenes VALUES (18, '2024-03-08', 4, 1);
INSERT INTO ordenes VALUES (19, '2023-07-16', 1, 1);
INSERT INTO ordenes VALUES (20, '2023-10-03', 1, 2);
INSERT INTO ordenes VALUES (21, '2023-03-16', 3, 2);
INSERT INTO ordenes VALUES (22, '2024-02-07', 1, 3);
INSERT INTO ordenes VALUES (23, '2023-12-07', 1, 2);
INSERT INTO ordenes VALUES (24, '2023-08-25', 3, 3);
INSERT INTO ordenes VALUES (25, '2023-11-08', 5, 2);
INSERT INTO ordenes VALUES (26, '2024-02-13', 5, 1);
INSERT INTO ordenes VALUES (27, '2023-12-11', 4, 1);
INSERT INTO ordenes VALUES (28, '2024-03-13', 5, 3);
INSERT INTO ordenes VALUES (29, '2024-03-03', 4, 2);
INSERT INTO ordenes VALUES (30, '2023-11-30', 2, 3);
INSERT INTO ordenes VALUES (31, '2023-08-23', 1, 2);
INSERT INTO ordenes VALUES (32, '2023-05-05', 3, 2);
INSERT INTO ordenes VALUES (33, '2023-01-29', 1, 1);
INSERT INTO ordenes VALUES (34, '2024-03-03', 4, 3);
INSERT INTO ordenes VALUES (35, '2024-02-19', 4, 2);
INSERT INTO ordenes VALUES (36, '2023-08-17', 5, 3);
INSERT INTO ordenes VALUES (37, '2024-02-18', 4, 1);
INSERT INTO ordenes VALUES (38, '2023-08-16', 2, 3);
INSERT INTO ordenes VALUES (39, '2023-03-23', 2, 3);
INSERT INTO ordenes VALUES (40, '2023-06-16', 4, 3);
INSERT INTO ordenes VALUES (41, '2023-01-21', 3, 3);
INSERT INTO ordenes VALUES (42, '2024-02-18', 2, 3);
INSERT INTO ordenes VALUES (43, '2023-03-15', 4, 3);
INSERT INTO ordenes VALUES (44, '2023-06-07', 3, 2);
INSERT INTO ordenes VALUES (45, '2024-01-23', 1, 3);
INSERT INTO ordenes VALUES (46, '2023-02-27', 2, 3);
INSERT INTO ordenes VALUES (47, '2023-11-29', 1, 3);
INSERT INTO ordenes VALUES (48, '2023-04-28', 1, 3);
INSERT INTO ordenes VALUES (49, '2024-03-03', 1, 1);
INSERT INTO ordenes VALUES (50, '2023-08-27', 5, 3);
INSERT INTO ordenes VALUES (51, '2023-10-20', 3, 3);
INSERT INTO ordenes VALUES (52, '2024-03-04', 3, 2);
INSERT INTO ordenes VALUES (53, '2023-07-19', 4, 2);
INSERT INTO ordenes VALUES (54, '2023-10-16', 2, 1);
INSERT INTO ordenes VALUES (55, '2023-08-17', 3, 3);
INSERT INTO ordenes VALUES (56, '2023-04-10', 4, 1);
INSERT INTO ordenes VALUES (57, '2023-01-27', 3, 1);
INSERT INTO ordenes VALUES (58, '2023-05-16', 5, 2);
INSERT INTO ordenes VALUES (59, '2023-10-11', 5, 3);
INSERT INTO ordenes VALUES (60, '2023-12-29', 4, 1);
INSERT INTO ordenes VALUES (61, '2023-01-26', 3, 3);
INSERT INTO ordenes VALUES (62, '2024-01-18', 1, 1);
INSERT INTO ordenes VALUES (63, '2024-01-17', 2, 1);
INSERT INTO ordenes VALUES (64, '2023-02-08', 5, 1);
INSERT INTO ordenes VALUES (65, '2023-08-22', 5, 3);
INSERT INTO ordenes VALUES (66, '2023-07-09', 2, 2);
INSERT INTO ordenes VALUES (67, '2023-06-14', 4, 3);
INSERT INTO ordenes VALUES (68, '2023-03-23', 2, 2);
INSERT INTO ordenes VALUES (69, '2023-05-22', 5, 3);
INSERT INTO ordenes VALUES (70, '2023-04-10', 5, 2);
INSERT INTO ordenes VALUES (71, '2023-03-13', 2, 3);
INSERT INTO ordenes VALUES (72, '2023-09-22', 2, 1);
INSERT INTO ordenes VALUES (73, '2023-05-09', 1, 2);
INSERT INTO ordenes VALUES (74, '2023-04-11', 5, 2);
INSERT INTO ordenes VALUES (75, '2023-09-13', 3, 1);
INSERT INTO ordenes VALUES (76, '2023-10-10', 1, 2);
INSERT INTO ordenes VALUES (77, '2023-01-04', 4, 1);
INSERT INTO ordenes VALUES (78, '2023-05-26', 2, 1);
INSERT INTO ordenes VALUES (79, '2024-02-03', 4, 2);
INSERT INTO ordenes VALUES (80, '2024-03-13', 3, 3);
INSERT INTO ordenes VALUES (81, '2023-11-24', 2, 1);
INSERT INTO ordenes VALUES (82, '2024-03-07', 5, 3);
INSERT INTO ordenes VALUES (83, '2023-01-05', 3, 2);
INSERT INTO ordenes VALUES (84, '2023-06-01', 5, 2);
INSERT INTO ordenes VALUES (85, '2023-09-19', 3, 1);
INSERT INTO ordenes VALUES (86, '2023-01-31', 5, 3);
INSERT INTO ordenes VALUES (87, '2023-01-24', 3, 3);
INSERT INTO ordenes VALUES (88, '2023-08-09', 3, 1);
INSERT INTO ordenes VALUES (89, '2023-02-20', 3, 1);
INSERT INTO ordenes VALUES (90, '2023-10-19', 4, 1);
INSERT INTO ordenes VALUES (91, '2023-02-05', 4, 3);
INSERT INTO ordenes VALUES (92, '2023-04-17', 4, 3);
INSERT INTO ordenes VALUES (93, '2023-11-14', 5, 3);
INSERT INTO ordenes VALUES (94, '2023-10-21', 3, 3);
INSERT INTO ordenes VALUES (95, '2023-11-13', 3, 3);
INSERT INTO ordenes VALUES (96, '2023-04-16', 5, 3);
INSERT INTO ordenes VALUES (97, '2024-02-20', 5, 1);
INSERT INTO ordenes VALUES (98, '2024-01-26', 4, 1);
INSERT INTO ordenes VALUES (99, '2023-10-19', 2, 2);
INSERT INTO ordenes VALUES (100, '2024-02-14', 1, 1);
INSERT INTO ordenes VALUES (101, '2024-02-25', 4, 3);
INSERT INTO ordenes VALUES (102, '2024-02-27', 2, 1);
INSERT INTO ordenes VALUES (103, '2023-02-04', 3, 3);
INSERT INTO ordenes VALUES (104, '2024-02-22', 3, 2);
INSERT INTO ordenes VALUES (105, '2023-11-08', 4, 2);
INSERT INTO ordenes VALUES (106, '2023-10-25', 2, 3);
INSERT INTO ordenes VALUES (107, '2024-02-22', 1, 3);
INSERT INTO ordenes VALUES (108, '2023-06-07', 2, 3);
INSERT INTO ordenes VALUES (109, '2023-06-02', 3, 3);
INSERT INTO ordenes VALUES (110, '2023-06-02', 5, 2);
INSERT INTO ordenes VALUES (111, '2023-03-07', 1, 3);
INSERT INTO ordenes VALUES (112, '2023-08-04', 4, 3);
INSERT INTO ordenes VALUES (113, '2023-11-21', 2, 2);
INSERT INTO ordenes VALUES (114, '2023-02-10', 3, 3);
INSERT INTO ordenes VALUES (115, '2023-10-21', 4, 2);
INSERT INTO ordenes VALUES (116, '2024-01-30', 3, 2);
INSERT INTO ordenes VALUES (117, '2023-02-10', 3, 1);
INSERT INTO ordenes VALUES (118, '2023-07-08', 2, 1);
INSERT INTO ordenes VALUES (119, '2024-02-03', 2, 1);
INSERT INTO ordenes VALUES (120, '2024-03-01', 3, 2);
INSERT INTO ordenes VALUES (121, '2023-09-09', 5, 3);
INSERT INTO ordenes VALUES (122, '2023-06-20', 5, 1);
INSERT INTO ordenes VALUES (123, '2023-11-22', 2, 1);
INSERT INTO ordenes VALUES (124, '2023-07-06', 4, 3);
INSERT INTO ordenes VALUES (125, '2023-11-22', 5, 1);
INSERT INTO ordenes VALUES (126, '2023-06-26', 2, 3);
INSERT INTO ordenes VALUES (127, '2023-06-05', 4, 1);
INSERT INTO ordenes VALUES (128, '2023-01-25', 5, 1);
INSERT INTO ordenes VALUES (129, '2023-01-12', 5, 1);
INSERT INTO ordenes VALUES (130, '2023-12-21', 2, 3);
INSERT INTO ordenes VALUES (131, '2023-02-03', 2, 1);
INSERT INTO ordenes VALUES (132, '2023-10-26', 4, 2);
INSERT INTO ordenes VALUES (133, '2023-04-15', 4, 2);
INSERT INTO ordenes VALUES (134, '2023-09-20', 2, 1);
INSERT INTO ordenes VALUES (135, '2023-04-03', 3, 3);
INSERT INTO ordenes VALUES (136, '2023-01-06', 1, 2);
INSERT INTO ordenes VALUES (137, '2023-12-07', 4, 3);
INSERT INTO ordenes VALUES (138, '2023-08-29', 1, 2);
INSERT INTO ordenes VALUES (139, '2023-05-05', 2, 2);
INSERT INTO ordenes VALUES (140, '2023-02-13', 2, 1);
INSERT INTO ordenes VALUES (141, '2023-02-26', 2, 2);
INSERT INTO ordenes VALUES (142, '2024-01-11', 5, 1);
INSERT INTO ordenes VALUES (143, '2023-02-12', 1, 2);
INSERT INTO ordenes VALUES (144, '2023-03-29', 4, 3);
INSERT INTO ordenes VALUES (145, '2024-02-05', 5, 3);
INSERT INTO ordenes VALUES (146, '2023-11-09', 4, 3);
INSERT INTO ordenes VALUES (147, '2023-08-24', 3, 1);
INSERT INTO ordenes VALUES (148, '2023-05-18', 4, 3);
INSERT INTO ordenes VALUES (149, '2023-03-20', 1, 3);
INSERT INTO ordenes VALUES (150, '2023-10-23', 5, 2);
INSERT INTO ordenes VALUES (151, '2023-04-04', 1, 3);
INSERT INTO ordenes VALUES (152, '2023-11-17', 2, 3);
INSERT INTO ordenes VALUES (153, '2023-05-08', 1, 3);
INSERT INTO ordenes VALUES (154, '2023-07-04', 2, 3);
INSERT INTO ordenes VALUES (155, '2023-06-22', 1, 1);
INSERT INTO ordenes VALUES (156, '2023-05-18', 5, 2);
INSERT INTO ordenes VALUES (157, '2023-01-31', 4, 3);
INSERT INTO ordenes VALUES (158, '2024-01-25', 2, 1);
INSERT INTO ordenes VALUES (159, '2023-08-27', 4, 1);
INSERT INTO ordenes VALUES (160, '2023-05-10', 3, 1);
INSERT INTO ordenes VALUES (161, '2023-05-25', 3, 2);
INSERT INTO ordenes VALUES (162, '2023-12-09', 3, 3);
INSERT INTO ordenes VALUES (163, '2023-05-24', 3, 3);
INSERT INTO ordenes VALUES (164, '2023-08-04', 2, 3);
INSERT INTO ordenes VALUES (165, '2023-05-25', 2, 1);
INSERT INTO ordenes VALUES (166, '2023-03-12', 3, 3);
INSERT INTO ordenes VALUES (167, '2023-04-22', 5, 2);
INSERT INTO ordenes VALUES (168, '2023-10-21', 2, 3);
INSERT INTO ordenes VALUES (169, '2023-06-08', 2, 3);
INSERT INTO ordenes VALUES (170, '2023-11-03', 4, 1);
INSERT INTO ordenes VALUES (171, '2024-01-16', 5, 1);
INSERT INTO ordenes VALUES (172, '2023-09-21', 1, 3);
INSERT INTO ordenes VALUES (173, '2023-02-10', 5, 2);
INSERT INTO ordenes VALUES (174, '2023-04-17', 1, 3);
INSERT INTO ordenes VALUES (175, '2024-01-21', 5, 2);
INSERT INTO ordenes VALUES (176, '2023-01-05', 3, 3);
INSERT INTO ordenes VALUES (177, '2023-01-23', 5, 1);
INSERT INTO ordenes VALUES (178, '2023-11-14', 2, 2);
INSERT INTO ordenes VALUES (179, '2023-10-04', 3, 2);
INSERT INTO ordenes VALUES (180, '2023-12-10', 3, 3);
INSERT INTO ordenes VALUES (181, '2023-07-26', 1, 2);
INSERT INTO ordenes VALUES (182, '2023-10-17', 5, 3);
INSERT INTO ordenes VALUES (183, '2023-05-20', 2, 2);
INSERT INTO ordenes VALUES (184, '2023-08-23', 5, 1);
INSERT INTO ordenes VALUES (185, '2023-10-23', 2, 3);
INSERT INTO ordenes VALUES (186, '2023-03-13', 5, 3);
INSERT INTO ordenes VALUES (187, '2023-12-12', 3, 1);
INSERT INTO ordenes VALUES (188, '2023-05-19', 4, 2);
INSERT INTO ordenes VALUES (189, '2024-02-14', 2, 1);
INSERT INTO ordenes VALUES (190, '2023-02-03', 2, 1);
INSERT INTO ordenes VALUES (191, '2023-02-16', 3, 1);
INSERT INTO ordenes VALUES (192, '2023-08-06', 4, 3);
INSERT INTO ordenes VALUES (193, '2023-10-12', 2, 2);
INSERT INTO ordenes VALUES (194, '2023-12-20', 2, 2);
INSERT INTO ordenes VALUES (195, '2023-11-28', 1, 2);
INSERT INTO ordenes VALUES (196, '2023-03-26', 4, 1);
INSERT INTO ordenes VALUES (197, '2023-09-29', 3, 3);
INSERT INTO ordenes VALUES (198, '2023-03-07', 5, 2);
INSERT INTO ordenes VALUES (199, '2023-01-18', 4, 3);
INSERT INTO ordenes VALUES (200, '2023-03-02', 3, 2);
INSERT INTO ordenes VALUES (201, '2023-05-16', 3, 1);
INSERT INTO ordenes VALUES (202, '2024-02-25', 4, 3);
INSERT INTO ordenes VALUES (203, '2023-10-18', 1, 2);
INSERT INTO ordenes VALUES (204, '2023-07-11', 1, 2);
INSERT INTO ordenes VALUES (205, '2023-06-17', 2, 2);
INSERT INTO ordenes VALUES (206, '2023-03-14', 2, 3);
INSERT INTO ordenes VALUES (207, '2023-08-05', 3, 1);
INSERT INTO ordenes VALUES (208, '2023-05-06', 5, 2);
INSERT INTO ordenes VALUES (209, '2023-06-12', 2, 1);
INSERT INTO ordenes VALUES (210, '2023-05-04', 4, 3);
INSERT INTO ordenes VALUES (211, '2023-01-13', 1, 1);
INSERT INTO ordenes VALUES (212, '2024-01-25', 4, 1);
INSERT INTO ordenes VALUES (213, '2024-03-07', 2, 3);
INSERT INTO ordenes VALUES (214, '2023-01-14', 3, 3);
INSERT INTO ordenes VALUES (215, '2023-08-13', 4, 2);
INSERT INTO ordenes VALUES (216, '2024-02-15', 2, 1);
INSERT INTO ordenes VALUES (217, '2023-12-21', 4, 1);
INSERT INTO ordenes VALUES (218, '2023-07-18', 2, 1);
INSERT INTO ordenes VALUES (219, '2023-07-30', 2, 1);
INSERT INTO ordenes VALUES (220, '2023-03-14', 5, 3);
INSERT INTO ordenes VALUES (221, '2023-06-18', 1, 1);
INSERT INTO ordenes VALUES (222, '2024-03-04', 1, 2);
INSERT INTO ordenes VALUES (223, '2023-07-29', 3, 2);
INSERT INTO ordenes VALUES (224, '2023-08-21', 1, 3);
INSERT INTO ordenes VALUES (225, '2023-11-27', 3, 1);
INSERT INTO ordenes VALUES (226, '2023-02-24', 1, 3);
INSERT INTO ordenes VALUES (227, '2023-06-14', 3, 2);
INSERT INTO ordenes VALUES (228, '2023-01-30', 2, 2);
INSERT INTO ordenes VALUES (229, '2023-07-22', 3, 1);
INSERT INTO ordenes VALUES (230, '2023-01-08', 3, 2);
INSERT INTO ordenes VALUES (231, '2023-05-15', 1, 1);
INSERT INTO ordenes VALUES (232, '2023-01-24', 2, 3);
INSERT INTO ordenes VALUES (233, '2024-02-29', 5, 3);
INSERT INTO ordenes VALUES (234, '2023-11-01', 1, 2);
INSERT INTO ordenes VALUES (235, '2024-02-27', 4, 1);
INSERT INTO ordenes VALUES (236, '2023-08-17', 3, 1);
INSERT INTO ordenes VALUES (237, '2023-07-01', 3, 1);
INSERT INTO ordenes VALUES (238, '2023-02-22', 3, 2);
INSERT INTO ordenes VALUES (239, '2023-07-03', 2, 2);
INSERT INTO ordenes VALUES (240, '2023-06-19', 3, 1);
INSERT INTO ordenes VALUES (241, '2023-12-14', 5, 1);
INSERT INTO ordenes VALUES (242, '2023-02-02', 1, 2);
INSERT INTO ordenes VALUES (243, '2023-12-05', 3, 3);
INSERT INTO ordenes VALUES (244, '2023-04-09', 5, 3);
INSERT INTO ordenes VALUES (245, '2024-02-05', 3, 2);
INSERT INTO ordenes VALUES (246, '2023-02-25', 1, 1);
INSERT INTO ordenes VALUES (247, '2023-08-21', 1, 1);
INSERT INTO ordenes VALUES (248, '2023-08-20', 2, 2);
INSERT INTO ordenes VALUES (249, '2024-02-24', 2, 3);
INSERT INTO ordenes VALUES (250, '2023-11-08', 5, 1);
INSERT INTO ordenes VALUES (251, '2023-09-01', 3, 3);
INSERT INTO ordenes VALUES (252, '2023-05-09', 1, 3);
INSERT INTO ordenes VALUES (253, '2024-03-07', 5, 2);
INSERT INTO ordenes VALUES (254, '2024-01-14', 5, 3);
INSERT INTO ordenes VALUES (255, '2023-12-10', 1, 2);
INSERT INTO ordenes VALUES (256, '2023-09-15', 1, 3);
INSERT INTO ordenes VALUES (257, '2023-04-12', 4, 2);
INSERT INTO ordenes VALUES (258, '2023-09-03', 4, 2);
INSERT INTO ordenes VALUES (259, '2023-07-26', 2, 2);
INSERT INTO ordenes VALUES (260, '2023-04-15', 1, 1);
INSERT INTO ordenes VALUES (261, '2024-01-09', 4, 1);
INSERT INTO ordenes VALUES (262, '2024-01-25', 1, 1);
INSERT INTO ordenes VALUES (263, '2023-04-28', 2, 1);
INSERT INTO ordenes VALUES (264, '2023-01-26', 4, 1);
INSERT INTO ordenes VALUES (265, '2024-01-20', 2, 1);
INSERT INTO ordenes VALUES (266, '2023-06-20', 4, 1);
INSERT INTO ordenes VALUES (267, '2023-06-02', 4, 2);
INSERT INTO ordenes VALUES (268, '2023-04-04', 5, 1);
INSERT INTO ordenes VALUES (269, '2023-05-11', 5, 1);
INSERT INTO ordenes VALUES (270, '2023-04-06', 2, 2);
INSERT INTO ordenes VALUES (271, '2024-01-12', 2, 1);
INSERT INTO ordenes VALUES (272, '2023-07-08', 3, 1);
INSERT INTO ordenes VALUES (273, '2023-11-16', 1, 2);
INSERT INTO ordenes VALUES (274, '2023-01-23', 1, 1);
INSERT INTO ordenes VALUES (275, '2023-09-15', 5, 2);
INSERT INTO ordenes VALUES (276, '2023-04-24', 2, 3);
INSERT INTO ordenes VALUES (277, '2023-07-30', 4, 3);
INSERT INTO ordenes VALUES (278, '2023-03-25', 3, 3);
INSERT INTO ordenes VALUES (279, '2023-01-04', 2, 2);
INSERT INTO ordenes VALUES (280, '2023-04-26', 1, 2);
INSERT INTO ordenes VALUES (281, '2024-01-20', 2, 3);
INSERT INTO ordenes VALUES (282, '2023-10-02', 5, 2);
INSERT INTO ordenes VALUES (283, '2024-02-07', 3, 2);
INSERT INTO ordenes VALUES (284, '2023-05-06', 5, 3);
INSERT INTO ordenes VALUES (285, '2023-07-22', 5, 1);
INSERT INTO ordenes VALUES (286, '2023-08-30', 2, 1);
INSERT INTO ordenes VALUES (287, '2023-09-09', 1, 1);
INSERT INTO ordenes VALUES (288, '2023-02-26', 2, 3);
INSERT INTO ordenes VALUES (289, '2023-05-24', 2, 2);
INSERT INTO ordenes VALUES (290, '2023-10-15', 1, 1);
INSERT INTO ordenes VALUES (291, '2023-09-22', 5, 3);
INSERT INTO ordenes VALUES (292, '2023-08-01', 3, 1);
INSERT INTO ordenes VALUES (293, '2023-02-01', 1, 1);
INSERT INTO ordenes VALUES (294, '2024-03-14', 5, 2);
INSERT INTO ordenes VALUES (295, '2023-06-11', 4, 3);
INSERT INTO ordenes VALUES (296, '2023-07-31', 1, 1);
INSERT INTO ordenes VALUES (297, '2023-11-19', 2, 3);
INSERT INTO ordenes VALUES (298, '2023-01-14', 1, 3);
INSERT INTO ordenes VALUES (299, '2023-09-26', 2, 3);
INSERT INTO ordenes VALUES (300, '2024-02-18', 4, 3);
INSERT INTO ordenes VALUES (301, '2023-05-05', 5, 1);
INSERT INTO ordenes VALUES (302, '2024-03-20', 2, 3);
INSERT INTO ordenes VALUES (303, '2023-03-12', 3, 3);
INSERT INTO ordenes VALUES (304, '2023-11-09', 1, 2);
INSERT INTO ordenes VALUES (305, '2023-06-21', 4, 1);
INSERT INTO ordenes VALUES (306, '2023-09-25', 5, 1);
INSERT INTO ordenes VALUES (307, '2023-07-11', 2, 3);
INSERT INTO ordenes VALUES (308, '2023-03-25', 2, 1);
INSERT INTO ordenes VALUES (309, '2023-10-01', 2, 1);
INSERT INTO ordenes VALUES (310, '2023-01-09', 5, 1);
INSERT INTO ordenes VALUES (311, '2023-10-13', 2, 2);
INSERT INTO ordenes VALUES (312, '2023-10-07', 1, 1);
INSERT INTO ordenes VALUES (313, '2023-11-30', 5, 1);
INSERT INTO ordenes VALUES (314, '2023-11-09', 2, 3);
INSERT INTO ordenes VALUES (315, '2023-12-17', 5, 3);
INSERT INTO ordenes VALUES (316, '2023-11-18', 5, 1);
INSERT INTO ordenes VALUES (317, '2024-03-25', 4, 2);
INSERT INTO ordenes VALUES (318, '2023-04-05', 4, 2);
INSERT INTO ordenes VALUES (319, '2023-11-21', 3, 1);
INSERT INTO ordenes VALUES (320, '2023-05-22', 4, 3);
INSERT INTO ordenes VALUES (321, '2023-05-20', 5, 2);
INSERT INTO ordenes VALUES (322, '2023-05-09', 5, 3);
INSERT INTO ordenes VALUES (323, '2023-12-03', 5, 3);
INSERT INTO ordenes VALUES (324, '2023-10-22', 1, 2);
INSERT INTO ordenes VALUES (325, '2023-11-09', 4, 2);
INSERT INTO ordenes VALUES (326, '2024-03-08', 1, 1);
INSERT INTO ordenes VALUES (327, '2023-03-13', 2, 1);
INSERT INTO ordenes VALUES (328, '2024-01-06', 4, 1);
INSERT INTO ordenes VALUES (329, '2024-01-10', 3, 1);
INSERT INTO ordenes VALUES (330, '2023-02-27', 4, 3);
INSERT INTO ordenes VALUES (331, '2023-10-17', 5, 2);
INSERT INTO ordenes VALUES (332, '2023-01-29', 3, 1);
INSERT INTO ordenes VALUES (333, '2023-09-30', 2, 1);
INSERT INTO ordenes VALUES (334, '2023-12-01', 5, 2);
INSERT INTO ordenes VALUES (335, '2023-03-31', 2, 2);
INSERT INTO ordenes VALUES (336, '2023-07-13', 1, 3);
INSERT INTO ordenes VALUES (337, '2023-06-30', 4, 1);
INSERT INTO ordenes VALUES (338, '2023-01-25', 2, 3);
INSERT INTO ordenes VALUES (339, '2023-07-24', 2, 3);
INSERT INTO ordenes VALUES (340, '2023-03-22', 4, 3);
INSERT INTO ordenes VALUES (341, '2023-11-21', 1, 1);
INSERT INTO ordenes VALUES (342, '2023-02-11', 1, 1);
INSERT INTO ordenes VALUES (343, '2023-11-16', 5, 1);
INSERT INTO ordenes VALUES (344, '2024-01-20', 3, 2);
INSERT INTO ordenes VALUES (345, '2023-12-14', 5, 1);
INSERT INTO ordenes VALUES (346, '2023-05-01', 5, 1);
INSERT INTO ordenes VALUES (347, '2024-02-29', 1, 3);
INSERT INTO ordenes VALUES (348, '2023-09-20', 5, 1);
INSERT INTO ordenes VALUES (349, '2023-03-09', 1, 2);
INSERT INTO ordenes VALUES (350, '2023-04-26', 4, 3);
INSERT INTO ordenes VALUES (351, '2023-09-28', 2, 2);
INSERT INTO ordenes VALUES (352, '2023-02-09', 4, 1);
INSERT INTO ordenes VALUES (353, '2023-06-29', 1, 2);
INSERT INTO ordenes VALUES (354, '2023-03-07', 1, 1);
INSERT INTO ordenes VALUES (355, '2023-03-08', 1, 2);
INSERT INTO ordenes VALUES (356, '2023-01-27', 2, 3);
INSERT INTO ordenes VALUES (357, '2023-04-06', 1, 2);
INSERT INTO ordenes VALUES (358, '2024-01-10', 5, 2);
INSERT INTO ordenes VALUES (359, '2023-08-19', 4, 2);
INSERT INTO ordenes VALUES (360, '2023-10-03', 2, 2);
INSERT INTO ordenes VALUES (361, '2023-09-11', 5, 2);
INSERT INTO ordenes VALUES (362, '2023-11-27', 3, 3);
INSERT INTO ordenes VALUES (363, '2023-05-29', 1, 1);
INSERT INTO ordenes VALUES (364, '2023-06-15', 2, 3);
INSERT INTO ordenes VALUES (365, '2023-11-23', 4, 3);
INSERT INTO ordenes VALUES (366, '2023-01-20', 2, 1);
INSERT INTO ordenes VALUES (367, '2023-12-11', 1, 2);
INSERT INTO ordenes VALUES (368, '2024-02-06', 4, 1);
INSERT INTO ordenes VALUES (369, '2023-04-07', 5, 2);
INSERT INTO ordenes VALUES (370, '2023-04-05', 2, 3);
INSERT INTO ordenes VALUES (371, '2023-01-30', 2, 2);
INSERT INTO ordenes VALUES (372, '2023-01-09', 4, 1);
INSERT INTO ordenes VALUES (373, '2023-01-22', 2, 1);
INSERT INTO ordenes VALUES (374, '2023-09-15', 1, 1);
INSERT INTO ordenes VALUES (375, '2023-12-21', 4, 1);
INSERT INTO ordenes VALUES (376, '2023-08-15', 4, 2);
INSERT INTO ordenes VALUES (377, '2023-03-16', 2, 2);
INSERT INTO ordenes VALUES (378, '2023-11-01', 3, 1);
INSERT INTO ordenes VALUES (379, '2023-01-13', 3, 3);
INSERT INTO ordenes VALUES (380, '2023-07-07', 4, 3);
INSERT INTO ordenes VALUES (381, '2024-03-20', 5, 1);
INSERT INTO ordenes VALUES (382, '2023-05-27', 5, 1);
INSERT INTO ordenes VALUES (383, '2023-06-20', 5, 1);
INSERT INTO ordenes VALUES (384, '2023-11-16', 1, 3);
INSERT INTO ordenes VALUES (385, '2024-01-05', 4, 2);
INSERT INTO ordenes VALUES (386, '2023-04-07', 5, 3);
INSERT INTO ordenes VALUES (387, '2023-08-10', 4, 2);
INSERT INTO ordenes VALUES (388, '2023-06-25', 4, 1);
INSERT INTO ordenes VALUES (389, '2024-02-10', 5, 3);
INSERT INTO ordenes VALUES (390, '2023-01-28', 3, 3);
INSERT INTO ordenes VALUES (391, '2023-07-23', 1, 2);
INSERT INTO ordenes VALUES (392, '2024-02-07', 4, 1);
INSERT INTO ordenes VALUES (393, '2023-01-09', 1, 2);
INSERT INTO ordenes VALUES (394, '2023-08-03', 2, 3);
INSERT INTO ordenes VALUES (395, '2023-05-03', 4, 1);
INSERT INTO ordenes VALUES (396, '2023-08-17', 5, 3);
INSERT INTO ordenes VALUES (397, '2023-07-30', 2, 1);
INSERT INTO ordenes VALUES (398, '2024-03-15', 5, 2);
INSERT INTO ordenes VALUES (399, '2023-01-03', 5, 1);
INSERT INTO ordenes VALUES (400, '2023-06-14', 5, 1);
INSERT INTO ordenes VALUES (401, '2023-05-22', 1, 2);
INSERT INTO ordenes VALUES (402, '2023-06-19', 2, 2);
INSERT INTO ordenes VALUES (403, '2023-02-16', 4, 1);
INSERT INTO ordenes VALUES (404, '2023-01-13', 5, 1);
INSERT INTO ordenes VALUES (405, '2023-08-30', 2, 3);
INSERT INTO ordenes VALUES (406, '2024-03-04', 5, 3);
INSERT INTO ordenes VALUES (407, '2023-08-22', 4, 1);
INSERT INTO ordenes VALUES (408, '2023-04-06', 1, 3);
INSERT INTO ordenes VALUES (409, '2023-05-09', 2, 1);
INSERT INTO ordenes VALUES (410, '2023-11-04', 3, 1);
INSERT INTO ordenes VALUES (411, '2023-12-12', 2, 2);
INSERT INTO ordenes VALUES (412, '2023-01-04', 2, 2);
INSERT INTO ordenes VALUES (413, '2024-03-23', 2, 3);
INSERT INTO ordenes VALUES (414, '2023-08-24', 2, 1);
INSERT INTO ordenes VALUES (415, '2024-03-26', 2, 2);
INSERT INTO ordenes VALUES (416, '2023-09-18', 3, 1);
INSERT INTO ordenes VALUES (417, '2023-12-04', 4, 2);
INSERT INTO ordenes VALUES (418, '2023-12-10', 1, 1);
INSERT INTO ordenes VALUES (419, '2023-05-24', 2, 2);
INSERT INTO ordenes VALUES (420, '2023-04-04', 3, 1);
INSERT INTO ordenes VALUES (421, '2023-08-14', 3, 3);
INSERT INTO ordenes VALUES (422, '2023-10-28', 4, 2);
INSERT INTO ordenes VALUES (423, '2023-06-19', 5, 2);
INSERT INTO ordenes VALUES (424, '2024-02-19', 1, 1);
INSERT INTO ordenes VALUES (425, '2024-01-30', 3, 1);
INSERT INTO ordenes VALUES (426, '2023-08-02', 5, 2);
INSERT INTO ordenes VALUES (427, '2024-03-02', 3, 2);
INSERT INTO ordenes VALUES (428, '2023-01-13', 4, 1);
INSERT INTO ordenes VALUES (429, '2023-02-19', 5, 2);
INSERT INTO ordenes VALUES (430, '2023-06-05', 2, 3);
INSERT INTO ordenes VALUES (431, '2024-02-18', 5, 2);
INSERT INTO ordenes VALUES (432, '2023-10-30', 3, 1);
INSERT INTO ordenes VALUES (433, '2024-02-24', 1, 1);
INSERT INTO ordenes VALUES (434, '2023-01-31', 5, 3);
INSERT INTO ordenes VALUES (435, '2024-01-20', 3, 2);
INSERT INTO ordenes VALUES (436, '2023-09-20', 5, 1);
INSERT INTO ordenes VALUES (437, '2023-06-26', 2, 1);
INSERT INTO ordenes VALUES (438, '2023-01-05', 1, 3);
INSERT INTO ordenes VALUES (439, '2024-02-20', 5, 3);
INSERT INTO ordenes VALUES (440, '2023-02-04', 2, 2);
INSERT INTO ordenes VALUES (441, '2023-01-03', 2, 1);
INSERT INTO ordenes VALUES (442, '2023-06-22', 5, 2);
INSERT INTO ordenes VALUES (443, '2023-04-08', 1, 1);
INSERT INTO ordenes VALUES (444, '2023-07-17', 1, 2);
INSERT INTO ordenes VALUES (445, '2023-11-07', 4, 2);
INSERT INTO ordenes VALUES (446, '2023-08-04', 2, 1);
INSERT INTO ordenes VALUES (447, '2024-02-06', 1, 1);
INSERT INTO ordenes VALUES (448, '2023-06-23', 5, 2);
INSERT INTO ordenes VALUES (449, '2023-07-10', 5, 3);
INSERT INTO ordenes VALUES (450, '2023-06-09', 1, 1);
INSERT INTO ordenes VALUES (451, '2023-09-09', 2, 2);
INSERT INTO ordenes VALUES (452, '2023-12-15', 5, 3);
INSERT INTO ordenes VALUES (453, '2023-10-22', 2, 3);
INSERT INTO ordenes VALUES (454, '2024-02-08', 4, 2);
INSERT INTO ordenes VALUES (455, '2023-07-01', 5, 1);
INSERT INTO ordenes VALUES (456, '2023-05-31', 2, 2);
INSERT INTO ordenes VALUES (457, '2023-05-03', 1, 1);
INSERT INTO ordenes VALUES (458, '2023-12-19', 1, 2);
INSERT INTO ordenes VALUES (459, '2023-07-17', 2, 2);
INSERT INTO ordenes VALUES (460, '2023-08-31', 2, 2);
INSERT INTO ordenes VALUES (461, '2023-06-02', 2, 2);
INSERT INTO ordenes VALUES (462, '2023-08-27', 4, 2);
INSERT INTO ordenes VALUES (463, '2024-02-25', 1, 1);
INSERT INTO ordenes VALUES (464, '2024-03-09', 1, 3);
INSERT INTO ordenes VALUES (465, '2023-06-02', 5, 1);
INSERT INTO ordenes VALUES (466, '2024-02-02', 1, 2);
INSERT INTO ordenes VALUES (467, '2023-05-15', 1, 1);
INSERT INTO ordenes VALUES (468, '2024-01-23', 2, 2);
INSERT INTO ordenes VALUES (469, '2023-08-01', 4, 3);
INSERT INTO ordenes VALUES (470, '2023-09-04', 1, 1);
INSERT INTO ordenes VALUES (471, '2023-01-23', 4, 3);
INSERT INTO ordenes VALUES (472, '2023-08-18', 4, 3);
INSERT INTO ordenes VALUES (473, '2023-11-16', 3, 1);
INSERT INTO ordenes VALUES (474, '2023-07-28', 2, 3);
INSERT INTO ordenes VALUES (475, '2024-01-07', 3, 2);
INSERT INTO ordenes VALUES (476, '2023-01-30', 2, 1);
INSERT INTO ordenes VALUES (477, '2024-03-10', 1, 2);
INSERT INTO ordenes VALUES (478, '2024-02-27', 5, 2);
INSERT INTO ordenes VALUES (479, '2023-03-29', 5, 1);
INSERT INTO ordenes VALUES (480, '2023-01-07', 1, 2);
INSERT INTO ordenes VALUES (481, '2023-08-21', 1, 3);
INSERT INTO ordenes VALUES (482, '2023-02-24', 5, 3);
INSERT INTO ordenes VALUES (483, '2023-07-22', 3, 2);
INSERT INTO ordenes VALUES (484, '2023-04-21', 1, 3);
INSERT INTO ordenes VALUES (485, '2023-11-08', 3, 1);
INSERT INTO ordenes VALUES (486, '2023-10-28', 4, 2);
INSERT INTO ordenes VALUES (487, '2024-01-19', 5, 1);
INSERT INTO ordenes VALUES (488, '2023-04-04', 4, 3);
INSERT INTO ordenes VALUES (489, '2023-12-31', 3, 2);
INSERT INTO ordenes VALUES (490, '2023-10-22', 4, 3);
INSERT INTO ordenes VALUES (491, '2024-01-21', 2, 3);
INSERT INTO ordenes VALUES (492, '2023-10-26', 2, 3);
INSERT INTO ordenes VALUES (493, '2023-09-03', 2, 3);
INSERT INTO ordenes VALUES (494, '2023-04-08', 5, 2);
INSERT INTO ordenes VALUES (495, '2023-06-07', 5, 1);
INSERT INTO ordenes VALUES (496, '2024-03-07', 5, 1);
INSERT INTO ordenes VALUES (497, '2023-07-25', 5, 1);
INSERT INTO ordenes VALUES (498, '2023-03-10', 4, 3);
INSERT INTO ordenes VALUES (499, '2023-07-14', 2, 2);
INSERT INTO ordenes VALUES (500, '2023-09-15', 5, 2);
INSERT INTO ordenes VALUES (501, '2023-03-17', 3, 2);
INSERT INTO ordenes VALUES (502, '2023-01-26', 2, 3);
INSERT INTO ordenes VALUES (503, '2023-04-17', 4, 2);
INSERT INTO ordenes VALUES (504, '2024-01-29', 1, 2);
INSERT INTO ordenes VALUES (505, '2023-03-20', 5, 1);
INSERT INTO ordenes VALUES (506, '2023-04-30', 4, 2);
INSERT INTO ordenes VALUES (507, '2023-05-04', 5, 2);
INSERT INTO ordenes VALUES (508, '2023-11-26', 1, 3);
INSERT INTO ordenes VALUES (509, '2023-04-25', 2, 2);
INSERT INTO ordenes VALUES (510, '2023-11-19', 5, 2);
INSERT INTO ordenes VALUES (511, '2023-07-03', 3, 1);
INSERT INTO ordenes VALUES (512, '2023-06-14', 3, 2);
INSERT INTO ordenes VALUES (513, '2023-12-11', 5, 3);
INSERT INTO ordenes VALUES (514, '2023-06-15', 3, 2);
INSERT INTO ordenes VALUES (515, '2023-12-19', 1, 3);
INSERT INTO ordenes VALUES (516, '2023-12-12', 3, 3);
INSERT INTO ordenes VALUES (517, '2023-04-22', 5, 1);
INSERT INTO ordenes VALUES (518, '2023-03-04', 2, 1);
INSERT INTO ordenes VALUES (519, '2023-03-18', 3, 3);
INSERT INTO ordenes VALUES (520, '2023-01-12', 2, 2);
INSERT INTO ordenes VALUES (521, '2023-10-03', 5, 3);
INSERT INTO ordenes VALUES (522, '2024-03-17', 2, 1);
INSERT INTO ordenes VALUES (523, '2024-02-15', 2, 2);
INSERT INTO ordenes VALUES (524, '2023-02-15', 1, 2);
INSERT INTO ordenes VALUES (525, '2023-11-25', 1, 1);
INSERT INTO ordenes VALUES (526, '2023-06-10', 3, 2);
INSERT INTO ordenes VALUES (527, '2023-11-07', 2, 2);
INSERT INTO ordenes VALUES (528, '2024-02-27', 5, 1);
INSERT INTO ordenes VALUES (529, '2024-02-10', 5, 2);
INSERT INTO ordenes VALUES (530, '2023-02-18', 4, 1);
INSERT INTO ordenes VALUES (531, '2023-05-03', 3, 2);
INSERT INTO ordenes VALUES (532, '2023-10-04', 3, 3);
INSERT INTO ordenes VALUES (533, '2023-04-08', 2, 1);
INSERT INTO ordenes VALUES (534, '2023-06-04', 4, 2);
INSERT INTO ordenes VALUES (535, '2024-02-16', 5, 3);
INSERT INTO ordenes VALUES (536, '2023-01-11', 3, 2);
INSERT INTO ordenes VALUES (537, '2023-09-27', 2, 1);
INSERT INTO ordenes VALUES (538, '2023-04-03', 4, 3);
INSERT INTO ordenes VALUES (539, '2023-12-18', 4, 1);
INSERT INTO ordenes VALUES (540, '2023-08-05', 5, 3);
INSERT INTO ordenes VALUES (541, '2023-05-21', 3, 2);
INSERT INTO ordenes VALUES (542, '2023-02-15', 2, 1);
INSERT INTO ordenes VALUES (543, '2023-12-02', 4, 3);
INSERT INTO ordenes VALUES (544, '2024-02-18', 2, 2);
INSERT INTO ordenes VALUES (545, '2023-08-24', 5, 1);
INSERT INTO ordenes VALUES (546, '2023-12-31', 2, 2);
INSERT INTO ordenes VALUES (547, '2024-01-03', 4, 2);
INSERT INTO ordenes VALUES (548, '2024-03-25', 4, 3);
INSERT INTO ordenes VALUES (549, '2023-03-21', 5, 3);
INSERT INTO ordenes VALUES (550, '2023-12-22', 3, 1);
INSERT INTO ordenes VALUES (551, '2024-03-11', 3, 3);
INSERT INTO ordenes VALUES (552, '2023-11-08', 3, 2);
INSERT INTO ordenes VALUES (553, '2023-02-04', 2, 3);
INSERT INTO ordenes VALUES (554, '2023-06-22', 1, 3);
INSERT INTO ordenes VALUES (555, '2023-10-25', 4, 2);
INSERT INTO ordenes VALUES (556, '2023-09-27', 5, 3);
INSERT INTO ordenes VALUES (557, '2023-08-29', 5, 2);
INSERT INTO ordenes VALUES (558, '2023-04-24', 1, 1);
INSERT INTO ordenes VALUES (559, '2023-02-20', 3, 3);
INSERT INTO ordenes VALUES (560, '2023-08-28', 5, 3);
INSERT INTO ordenes VALUES (561, '2023-04-07', 3, 1);
INSERT INTO ordenes VALUES (562, '2023-05-10', 3, 1);
INSERT INTO ordenes VALUES (563, '2023-09-27', 4, 3);
INSERT INTO ordenes VALUES (564, '2023-04-11', 1, 3);
INSERT INTO ordenes VALUES (565, '2023-01-11', 2, 3);
INSERT INTO ordenes VALUES (566, '2023-02-26', 4, 3);
INSERT INTO ordenes VALUES (567, '2023-12-05', 4, 3);
INSERT INTO ordenes VALUES (568, '2023-01-12', 4, 1);
INSERT INTO ordenes VALUES (569, '2024-01-01', 4, 1);
INSERT INTO ordenes VALUES (570, '2023-11-13', 2, 2);
INSERT INTO ordenes VALUES (571, '2024-01-24', 5, 1);
INSERT INTO ordenes VALUES (572, '2024-02-06', 4, 2);
INSERT INTO ordenes VALUES (573, '2023-12-19', 5, 3);
INSERT INTO ordenes VALUES (574, '2023-05-18', 4, 1);
INSERT INTO ordenes VALUES (575, '2023-10-16', 1, 3);
INSERT INTO ordenes VALUES (576, '2023-02-15', 1, 3);
INSERT INTO ordenes VALUES (577, '2023-07-26', 3, 2);
INSERT INTO ordenes VALUES (578, '2023-03-28', 2, 2);
INSERT INTO ordenes VALUES (579, '2023-05-08', 3, 2);
INSERT INTO ordenes VALUES (580, '2023-08-30', 2, 1);
INSERT INTO ordenes VALUES (581, '2023-02-04', 2, 2);
INSERT INTO ordenes VALUES (582, '2023-01-01', 3, 3);
INSERT INTO ordenes VALUES (583, '2024-02-27', 3, 2);
INSERT INTO ordenes VALUES (584, '2023-01-10', 5, 3);
INSERT INTO ordenes VALUES (585, '2024-03-26', 5, 1);
INSERT INTO ordenes VALUES (586, '2023-11-08', 4, 3);
INSERT INTO ordenes VALUES (587, '2023-11-06', 5, 1);
INSERT INTO ordenes VALUES (588, '2023-10-09', 3, 1);
INSERT INTO ordenes VALUES (589, '2024-03-15', 4, 3);
INSERT INTO ordenes VALUES (590, '2024-03-03', 1, 2);
INSERT INTO ordenes VALUES (591, '2024-01-21', 1, 1);
INSERT INTO ordenes VALUES (592, '2023-01-21', 4, 2);
INSERT INTO ordenes VALUES (593, '2023-04-13', 4, 2);
INSERT INTO ordenes VALUES (594, '2023-03-12', 2, 2);
INSERT INTO ordenes VALUES (595, '2023-05-16', 3, 3);
INSERT INTO ordenes VALUES (596, '2023-11-15', 1, 3);
INSERT INTO ordenes VALUES (597, '2024-01-24', 4, 3);
INSERT INTO ordenes VALUES (598, '2023-04-04', 1, 1);
INSERT INTO ordenes VALUES (599, '2024-02-01', 1, 1);
INSERT INTO ordenes VALUES (600, '2023-11-25', 5, 3);
INSERT INTO ordenes VALUES (601, '2023-03-29', 2, 3);
INSERT INTO ordenes VALUES (602, '2023-01-11', 2, 3);
INSERT INTO ordenes VALUES (603, '2023-07-27', 1, 3);
INSERT INTO ordenes VALUES (604, '2024-01-25', 1, 2);
INSERT INTO ordenes VALUES (605, '2023-04-28', 2, 3);
INSERT INTO ordenes VALUES (606, '2023-01-31', 4, 2);
INSERT INTO ordenes VALUES (607, '2024-03-20', 3, 1);
INSERT INTO ordenes VALUES (608, '2023-12-01', 5, 3);
INSERT INTO ordenes VALUES (609, '2023-11-27', 5, 3);
INSERT INTO ordenes VALUES (610, '2023-08-21', 1, 1);
INSERT INTO ordenes VALUES (611, '2024-02-19', 4, 2);
INSERT INTO ordenes VALUES (612, '2023-05-26', 2, 2);
INSERT INTO ordenes VALUES (613, '2024-02-15', 1, 3);
INSERT INTO ordenes VALUES (614, '2023-10-28', 2, 1);
INSERT INTO ordenes VALUES (615, '2024-03-13', 4, 1);
INSERT INTO ordenes VALUES (616, '2024-01-05', 5, 3);
INSERT INTO ordenes VALUES (617, '2023-05-03', 5, 1);
INSERT INTO ordenes VALUES (618, '2023-05-06', 1, 3);
INSERT INTO ordenes VALUES (619, '2023-05-08', 5, 1);
INSERT INTO ordenes VALUES (620, '2023-04-11', 4, 3);
INSERT INTO ordenes VALUES (621, '2023-09-21', 2, 3);
INSERT INTO ordenes VALUES (622, '2023-04-15', 5, 1);
INSERT INTO ordenes VALUES (623, '2024-02-27', 1, 1);
INSERT INTO ordenes VALUES (624, '2023-03-24', 4, 3);
INSERT INTO ordenes VALUES (625, '2024-03-11', 4, 3);
INSERT INTO ordenes VALUES (626, '2024-01-05', 5, 1);
INSERT INTO ordenes VALUES (627, '2023-04-29', 3, 3);
INSERT INTO ordenes VALUES (628, '2023-06-25', 1, 3);
INSERT INTO ordenes VALUES (629, '2023-01-31', 2, 3);
INSERT INTO ordenes VALUES (630, '2024-03-02', 4, 3);
INSERT INTO ordenes VALUES (631, '2024-02-08', 1, 3);
INSERT INTO ordenes VALUES (632, '2024-02-09', 4, 1);
INSERT INTO ordenes VALUES (633, '2023-12-11', 5, 2);
INSERT INTO ordenes VALUES (634, '2024-01-16', 2, 3);
INSERT INTO ordenes VALUES (635, '2024-01-12', 3, 3);
INSERT INTO ordenes VALUES (636, '2023-12-19', 1, 1);
INSERT INTO ordenes VALUES (637, '2023-08-30', 4, 2);
INSERT INTO ordenes VALUES (638, '2023-08-25', 1, 3);
INSERT INTO ordenes VALUES (639, '2023-12-02', 3, 2);
INSERT INTO ordenes VALUES (640, '2024-02-28', 1, 3);
INSERT INTO ordenes VALUES (641, '2023-09-02', 1, 3);
INSERT INTO ordenes VALUES (642, '2023-03-23', 4, 1);
INSERT INTO ordenes VALUES (643, '2023-06-14', 1, 1);
INSERT INTO ordenes VALUES (644, '2023-04-04', 2, 2);
INSERT INTO ordenes VALUES (645, '2023-08-05', 4, 2);
INSERT INTO ordenes VALUES (646, '2023-01-12', 1, 2);
INSERT INTO ordenes VALUES (647, '2023-07-31', 2, 3);
INSERT INTO ordenes VALUES (648, '2023-02-01', 2, 3);
INSERT INTO ordenes VALUES (649, '2023-01-20', 1, 1);
INSERT INTO ordenes VALUES (650, '2023-04-04', 1, 3);
INSERT INTO ordenes VALUES (651, '2023-09-16', 3, 3);
INSERT INTO ordenes VALUES (652, '2024-01-31', 1, 3);
INSERT INTO ordenes VALUES (653, '2024-03-22', 5, 3);
INSERT INTO ordenes VALUES (654, '2023-05-04', 5, 1);
INSERT INTO ordenes VALUES (655, '2023-07-08', 4, 3);
INSERT INTO ordenes VALUES (656, '2023-07-15', 1, 1);
INSERT INTO ordenes VALUES (657, '2023-07-31', 3, 2);
INSERT INTO ordenes VALUES (658, '2023-05-10', 2, 1);
INSERT INTO ordenes VALUES (659, '2023-10-11', 1, 3);
INSERT INTO ordenes VALUES (660, '2023-06-11', 1, 1);
INSERT INTO ordenes VALUES (661, '2024-01-05', 1, 2);
INSERT INTO ordenes VALUES (662, '2023-04-18', 2, 2);
INSERT INTO ordenes VALUES (663, '2023-08-07', 4, 1);
INSERT INTO ordenes VALUES (664, '2023-03-16', 3, 2);
INSERT INTO ordenes VALUES (665, '2023-01-27', 5, 2);
INSERT INTO ordenes VALUES (666, '2023-03-15', 2, 1);
INSERT INTO ordenes VALUES (667, '2024-03-10', 4, 3);
INSERT INTO ordenes VALUES (668, '2023-03-22', 5, 1);
INSERT INTO ordenes VALUES (669, '2023-01-30', 4, 1);
INSERT INTO ordenes VALUES (670, '2023-05-16', 3, 3);
INSERT INTO ordenes VALUES (671, '2023-07-18', 2, 1);
INSERT INTO ordenes VALUES (672, '2023-11-15', 5, 2);
INSERT INTO ordenes VALUES (673, '2023-05-11', 1, 2);
INSERT INTO ordenes VALUES (674, '2023-05-02', 3, 3);
INSERT INTO ordenes VALUES (675, '2023-12-24', 1, 2);
INSERT INTO ordenes VALUES (676, '2023-05-21', 1, 2);
INSERT INTO ordenes VALUES (677, '2023-06-01', 2, 2);
INSERT INTO ordenes VALUES (678, '2023-10-02', 2, 2);
INSERT INTO ordenes VALUES (679, '2023-03-31', 5, 3);
INSERT INTO ordenes VALUES (680, '2024-02-13', 3, 1);
INSERT INTO ordenes VALUES (681, '2023-09-04', 1, 1);
INSERT INTO ordenes VALUES (682, '2023-12-05', 1, 1);
INSERT INTO ordenes VALUES (683, '2023-09-25', 4, 3);
INSERT INTO ordenes VALUES (684, '2023-10-06', 4, 2);
INSERT INTO ordenes VALUES (685, '2023-10-31', 1, 3);
INSERT INTO ordenes VALUES (686, '2023-01-24', 5, 2);
INSERT INTO ordenes VALUES (687, '2023-12-22', 4, 1);
INSERT INTO ordenes VALUES (688, '2023-10-15', 2, 3);
INSERT INTO ordenes VALUES (689, '2023-05-02', 1, 1);
INSERT INTO ordenes VALUES (690, '2024-02-07', 3, 3);
INSERT INTO ordenes VALUES (691, '2023-06-27', 4, 1);
INSERT INTO ordenes VALUES (692, '2023-03-28', 3, 2);
INSERT INTO ordenes VALUES (693, '2023-02-13', 4, 3);
INSERT INTO ordenes VALUES (694, '2023-11-13', 3, 2);
INSERT INTO ordenes VALUES (695, '2023-12-05', 2, 1);
INSERT INTO ordenes VALUES (696, '2023-10-07', 4, 3);
INSERT INTO ordenes VALUES (697, '2024-03-20', 5, 2);
INSERT INTO ordenes VALUES (698, '2023-05-16', 5, 3);
INSERT INTO ordenes VALUES (699, '2023-02-14', 2, 2);
INSERT INTO ordenes VALUES (700, '2023-10-12', 1, 3);
INSERT INTO ordenes VALUES (701, '2023-01-01', 5, 3);
INSERT INTO ordenes VALUES (702, '2023-02-24', 3, 3);
INSERT INTO ordenes VALUES (703, '2023-01-20', 5, 2);
INSERT INTO ordenes VALUES (704, '2023-11-25', 2, 1);
INSERT INTO ordenes VALUES (705, '2024-03-21', 4, 2);
INSERT INTO ordenes VALUES (706, '2023-09-08', 1, 1);
INSERT INTO ordenes VALUES (707, '2023-06-13', 5, 3);
INSERT INTO ordenes VALUES (708, '2023-06-16', 5, 1);
INSERT INTO ordenes VALUES (709, '2023-10-26', 1, 2);
INSERT INTO ordenes VALUES (710, '2023-08-31', 1, 3);
INSERT INTO ordenes VALUES (711, '2024-01-09', 1, 2);
INSERT INTO ordenes VALUES (712, '2023-05-01', 2, 2);
INSERT INTO ordenes VALUES (713, '2024-03-25', 1, 2);
INSERT INTO ordenes VALUES (714, '2024-02-11', 4, 2);
INSERT INTO ordenes VALUES (715, '2023-11-17', 4, 2);
INSERT INTO ordenes VALUES (716, '2023-06-11', 1, 1);
INSERT INTO ordenes VALUES (717, '2024-02-03', 2, 1);
INSERT INTO ordenes VALUES (718, '2023-10-03', 3, 2);
INSERT INTO ordenes VALUES (719, '2023-03-24', 5, 3);
INSERT INTO ordenes VALUES (720, '2024-02-02', 4, 3);
INSERT INTO ordenes VALUES (721, '2023-09-09', 1, 1);
INSERT INTO ordenes VALUES (722, '2023-02-17', 5, 2);
INSERT INTO ordenes VALUES (723, '2023-05-07', 3, 1);
INSERT INTO ordenes VALUES (724, '2023-01-21', 4, 3);
INSERT INTO ordenes VALUES (725, '2023-05-16', 1, 3);
INSERT INTO ordenes VALUES (726, '2023-03-20', 2, 2);
INSERT INTO ordenes VALUES (727, '2024-02-10', 2, 1);
INSERT INTO ordenes VALUES (728, '2023-01-17', 2, 3);
INSERT INTO ordenes VALUES (729, '2024-02-15', 1, 3);
INSERT INTO ordenes VALUES (730, '2023-02-26', 3, 1);
INSERT INTO ordenes VALUES (731, '2024-02-02', 1, 3);
INSERT INTO ordenes VALUES (732, '2023-12-07', 1, 1);
INSERT INTO ordenes VALUES (733, '2023-10-20', 4, 1);
INSERT INTO ordenes VALUES (734, '2023-10-17', 4, 1);
INSERT INTO ordenes VALUES (735, '2023-09-29', 5, 3);
INSERT INTO ordenes VALUES (736, '2023-07-05', 1, 3);
INSERT INTO ordenes VALUES (737, '2023-07-30', 5, 2);
INSERT INTO ordenes VALUES (738, '2023-06-05', 5, 3);
INSERT INTO ordenes VALUES (739, '2023-11-25', 2, 2);
INSERT INTO ordenes VALUES (740, '2023-12-10', 3, 2);
INSERT INTO ordenes VALUES (741, '2023-04-22', 2, 3);
INSERT INTO ordenes VALUES (742, '2023-02-18', 5, 2);
INSERT INTO ordenes VALUES (743, '2023-02-06', 3, 3);
INSERT INTO ordenes VALUES (744, '2023-07-06', 2, 2);
INSERT INTO ordenes VALUES (745, '2023-02-25', 3, 1);
INSERT INTO ordenes VALUES (746, '2023-07-03', 4, 2);
INSERT INTO ordenes VALUES (747, '2023-10-28', 2, 1);
INSERT INTO ordenes VALUES (748, '2023-02-16', 4, 2);
INSERT INTO ordenes VALUES (749, '2023-07-26', 3, 2);
INSERT INTO ordenes VALUES (750, '2024-01-03', 5, 2);
INSERT INTO ordenes VALUES (751, '2023-06-22', 1, 1);
INSERT INTO ordenes VALUES (752, '2023-12-11', 1, 3);
INSERT INTO ordenes VALUES (753, '2024-01-07', 5, 2);
INSERT INTO ordenes VALUES (754, '2023-08-26', 2, 3);
INSERT INTO ordenes VALUES (755, '2023-07-06', 5, 1);
INSERT INTO ordenes VALUES (756, '2023-12-05', 5, 1);
INSERT INTO ordenes VALUES (757, '2023-01-07', 5, 3);
INSERT INTO ordenes VALUES (758, '2024-03-20', 2, 1);
INSERT INTO ordenes VALUES (759, '2023-03-02', 5, 3);
INSERT INTO ordenes VALUES (760, '2023-12-07', 3, 2);
INSERT INTO ordenes VALUES (761, '2023-12-14', 4, 2);
INSERT INTO ordenes VALUES (762, '2024-02-05', 3, 1);
INSERT INTO ordenes VALUES (763, '2023-08-11', 1, 3);
INSERT INTO ordenes VALUES (764, '2023-11-03', 5, 1);
INSERT INTO ordenes VALUES (765, '2023-01-09', 4, 1);
INSERT INTO ordenes VALUES (766, '2023-05-10', 4, 3);
INSERT INTO ordenes VALUES (767, '2023-01-05', 1, 2);
INSERT INTO ordenes VALUES (768, '2024-02-20', 2, 2);
INSERT INTO ordenes VALUES (769, '2024-01-22', 5, 2);
INSERT INTO ordenes VALUES (770, '2023-11-30', 5, 1);
INSERT INTO ordenes VALUES (771, '2023-05-17', 1, 3);
INSERT INTO ordenes VALUES (772, '2023-03-20', 1, 3);
INSERT INTO ordenes VALUES (773, '2023-04-22', 1, 2);
INSERT INTO ordenes VALUES (774, '2023-08-29', 1, 1);
INSERT INTO ordenes VALUES (775, '2023-11-09', 3, 1);
INSERT INTO ordenes VALUES (776, '2024-02-07', 2, 3);
INSERT INTO ordenes VALUES (777, '2023-10-24', 1, 2);
INSERT INTO ordenes VALUES (778, '2023-09-11', 2, 3);
INSERT INTO ordenes VALUES (779, '2024-03-03', 3, 1);
INSERT INTO ordenes VALUES (780, '2023-07-06', 3, 1);
INSERT INTO ordenes VALUES (781, '2023-07-17', 3, 2);
INSERT INTO ordenes VALUES (782, '2024-01-30', 5, 3);
INSERT INTO ordenes VALUES (783, '2023-11-29', 3, 1);
INSERT INTO ordenes VALUES (784, '2024-02-28', 2, 1);
INSERT INTO ordenes VALUES (785, '2023-04-09', 2, 3);
INSERT INTO ordenes VALUES (786, '2023-10-19', 2, 3);
INSERT INTO ordenes VALUES (787, '2023-01-02', 2, 3);
INSERT INTO ordenes VALUES (788, '2023-08-06', 1, 2);
INSERT INTO ordenes VALUES (789, '2023-10-09', 5, 2);
INSERT INTO ordenes VALUES (790, '2023-10-06', 4, 1);
INSERT INTO ordenes VALUES (791, '2024-01-28', 2, 2);
INSERT INTO ordenes VALUES (792, '2023-05-26', 3, 2);
INSERT INTO ordenes VALUES (793, '2023-05-30', 4, 1);
INSERT INTO ordenes VALUES (794, '2024-03-01', 3, 1);
INSERT INTO ordenes VALUES (795, '2024-03-04', 1, 3);
INSERT INTO ordenes VALUES (796, '2023-10-25', 1, 1);
INSERT INTO ordenes VALUES (797, '2023-01-09', 1, 2);
INSERT INTO ordenes VALUES (798, '2023-04-23', 5, 3);
INSERT INTO ordenes VALUES (799, '2023-06-09', 4, 3);
INSERT INTO ordenes VALUES (800, '2023-06-04', 2, 1);
INSERT INTO ordenes VALUES (801, '2023-01-10', 5, 3);
INSERT INTO ordenes VALUES (802, '2023-08-04', 5, 1);
INSERT INTO ordenes VALUES (803, '2023-10-15', 2, 3);
INSERT INTO ordenes VALUES (804, '2023-08-07', 3, 2);
INSERT INTO ordenes VALUES (805, '2023-06-06', 2, 2);
INSERT INTO ordenes VALUES (806, '2024-02-01', 1, 3);
INSERT INTO ordenes VALUES (807, '2023-08-25', 2, 2);
INSERT INTO ordenes VALUES (808, '2024-01-12', 1, 1);
INSERT INTO ordenes VALUES (809, '2023-05-08', 3, 2);
INSERT INTO ordenes VALUES (810, '2023-05-18', 5, 3);
INSERT INTO ordenes VALUES (811, '2023-02-25', 3, 2);
INSERT INTO ordenes VALUES (812, '2023-08-02', 1, 2);
INSERT INTO ordenes VALUES (813, '2023-10-13', 4, 1);
INSERT INTO ordenes VALUES (814, '2023-05-12', 2, 2);
INSERT INTO ordenes VALUES (815, '2023-10-13', 3, 2);
INSERT INTO ordenes VALUES (816, '2023-02-17', 3, 3);
INSERT INTO ordenes VALUES (817, '2024-03-09', 4, 3);
INSERT INTO ordenes VALUES (818, '2023-01-20', 4, 1);
INSERT INTO ordenes VALUES (819, '2023-07-10', 5, 3);
INSERT INTO ordenes VALUES (820, '2023-11-08', 1, 1);
INSERT INTO ordenes VALUES (821, '2023-07-09', 2, 2);
INSERT INTO ordenes VALUES (822, '2023-02-04', 2, 3);
INSERT INTO ordenes VALUES (823, '2023-06-20', 4, 3);
INSERT INTO ordenes VALUES (824, '2023-02-24', 2, 3);
INSERT INTO ordenes VALUES (825, '2023-04-11', 2, 3);
INSERT INTO ordenes VALUES (826, '2023-07-18', 2, 3);
INSERT INTO ordenes VALUES (827, '2023-01-28', 2, 2);
INSERT INTO ordenes VALUES (828, '2023-01-08', 1, 2);
INSERT INTO ordenes VALUES (829, '2023-07-24', 3, 1);
INSERT INTO ordenes VALUES (830, '2023-08-28', 2, 1);
INSERT INTO ordenes VALUES (831, '2024-01-28', 5, 2);
INSERT INTO ordenes VALUES (832, '2023-10-25', 2, 1);
INSERT INTO ordenes VALUES (833, '2023-07-16', 1, 1);
INSERT INTO ordenes VALUES (834, '2023-08-18', 1, 1);
INSERT INTO ordenes VALUES (835, '2023-07-13', 3, 2);
INSERT INTO ordenes VALUES (836, '2023-12-20', 3, 2);
INSERT INTO ordenes VALUES (837, '2023-12-14', 4, 3);
INSERT INTO ordenes VALUES (838, '2023-03-01', 3, 1);
INSERT INTO ordenes VALUES (839, '2023-07-16', 3, 2);
INSERT INTO ordenes VALUES (840, '2023-04-09', 4, 1);
INSERT INTO ordenes VALUES (841, '2023-12-17', 5, 1);
INSERT INTO ordenes VALUES (842, '2024-02-04', 5, 2);
INSERT INTO ordenes VALUES (843, '2023-09-07', 2, 2);
INSERT INTO ordenes VALUES (844, '2023-07-13', 2, 3);
INSERT INTO ordenes VALUES (845, '2023-07-15', 2, 3);
INSERT INTO ordenes VALUES (846, '2023-05-21', 1, 3);
INSERT INTO ordenes VALUES (847, '2024-01-31', 4, 2);
INSERT INTO ordenes VALUES (848, '2023-06-28', 2, 3);
INSERT INTO ordenes VALUES (849, '2023-11-25', 1, 3);
INSERT INTO ordenes VALUES (850, '2023-08-13', 1, 3);
INSERT INTO ordenes VALUES (851, '2024-01-12', 3, 2);
INSERT INTO ordenes VALUES (852, '2023-07-15', 1, 3);
INSERT INTO ordenes VALUES (853, '2023-04-23', 5, 1);
INSERT INTO ordenes VALUES (854, '2023-12-24', 3, 1);
INSERT INTO ordenes VALUES (855, '2023-09-04', 3, 2);
INSERT INTO ordenes VALUES (856, '2023-02-24', 1, 3);
INSERT INTO ordenes VALUES (857, '2024-03-23', 5, 1);
INSERT INTO ordenes VALUES (858, '2024-01-02', 3, 1);
INSERT INTO ordenes VALUES (859, '2023-09-27', 3, 2);
INSERT INTO ordenes VALUES (860, '2023-07-17', 5, 1);
INSERT INTO ordenes VALUES (861, '2023-10-07', 4, 2);
INSERT INTO ordenes VALUES (862, '2023-02-25', 3, 1);
INSERT INTO ordenes VALUES (863, '2023-01-18', 5, 2);
INSERT INTO ordenes VALUES (864, '2023-03-10', 1, 3);
INSERT INTO ordenes VALUES (865, '2023-10-16', 2, 3);
INSERT INTO ordenes VALUES (866, '2023-05-07', 2, 1);
INSERT INTO ordenes VALUES (867, '2023-03-31', 4, 1);
INSERT INTO ordenes VALUES (868, '2023-10-15', 4, 2);
INSERT INTO ordenes VALUES (869, '2023-03-11', 2, 3);
INSERT INTO ordenes VALUES (870, '2023-12-23', 1, 3);
INSERT INTO ordenes VALUES (871, '2024-01-19', 2, 1);
INSERT INTO ordenes VALUES (872, '2023-12-27', 2, 2);
INSERT INTO ordenes VALUES (873, '2023-04-03', 1, 2);
INSERT INTO ordenes VALUES (874, '2023-04-09', 5, 3);
INSERT INTO ordenes VALUES (875, '2023-09-13', 5, 2);
INSERT INTO ordenes VALUES (876, '2023-03-21', 3, 3);
INSERT INTO ordenes VALUES (877, '2024-02-04', 4, 3);
INSERT INTO ordenes VALUES (878, '2023-08-14', 2, 2);
INSERT INTO ordenes VALUES (879, '2024-02-26', 1, 1);
INSERT INTO ordenes VALUES (880, '2024-02-10', 2, 2);
INSERT INTO ordenes VALUES (881, '2024-01-23', 2, 1);
INSERT INTO ordenes VALUES (882, '2023-07-02', 4, 3);
INSERT INTO ordenes VALUES (883, '2024-03-24', 3, 1);
INSERT INTO ordenes VALUES (884, '2023-02-07', 5, 1);
INSERT INTO ordenes VALUES (885, '2023-05-24', 3, 1);
INSERT INTO ordenes VALUES (886, '2023-07-05', 1, 2);
INSERT INTO ordenes VALUES (887, '2023-12-02', 3, 3);
INSERT INTO ordenes VALUES (888, '2023-05-02', 1, 1);
INSERT INTO ordenes VALUES (889, '2023-10-16', 4, 1);
INSERT INTO ordenes VALUES (890, '2024-03-09', 3, 2);
INSERT INTO ordenes VALUES (891, '2023-06-11', 2, 3);
INSERT INTO ordenes VALUES (892, '2024-03-09', 2, 2);
INSERT INTO ordenes VALUES (893, '2023-08-30', 5, 2);
INSERT INTO ordenes VALUES (894, '2023-03-22', 2, 1);
INSERT INTO ordenes VALUES (895, '2023-10-28', 4, 3);
INSERT INTO ordenes VALUES (896, '2023-11-23', 1, 3);
INSERT INTO ordenes VALUES (897, '2023-08-24', 5, 3);
INSERT INTO ordenes VALUES (898, '2023-11-11', 2, 3);
INSERT INTO ordenes VALUES (899, '2023-11-06', 1, 2);
INSERT INTO ordenes VALUES (900, '2023-10-23', 1, 3);
INSERT INTO ordenes VALUES (901, '2023-09-16', 1, 1);
INSERT INTO ordenes VALUES (902, '2023-02-09', 2, 2);
INSERT INTO ordenes VALUES (903, '2023-04-06', 5, 3);
INSERT INTO ordenes VALUES (904, '2023-12-17', 3, 1);
INSERT INTO ordenes VALUES (905, '2023-01-26', 3, 1);
INSERT INTO ordenes VALUES (906, '2023-11-07', 2, 2);
INSERT INTO ordenes VALUES (907, '2023-07-15', 4, 1);
INSERT INTO ordenes VALUES (908, '2023-10-01', 1, 2);
INSERT INTO ordenes VALUES (909, '2023-03-01', 5, 1);
INSERT INTO ordenes VALUES (910, '2023-02-06', 3, 2);
INSERT INTO ordenes VALUES (911, '2023-11-17', 1, 3);
INSERT INTO ordenes VALUES (912, '2024-03-11', 2, 3);
INSERT INTO ordenes VALUES (913, '2023-05-26', 3, 1);
INSERT INTO ordenes VALUES (914, '2023-03-21', 5, 1);
INSERT INTO ordenes VALUES (915, '2023-01-08', 5, 3);
INSERT INTO ordenes VALUES (916, '2024-01-06', 1, 3);
INSERT INTO ordenes VALUES (917, '2024-03-08', 5, 3);
INSERT INTO ordenes VALUES (918, '2024-03-01', 3, 2);
INSERT INTO ordenes VALUES (919, '2023-04-06', 4, 1);
INSERT INTO ordenes VALUES (920, '2024-02-03', 1, 2);
INSERT INTO ordenes VALUES (921, '2023-02-28', 4, 2);
INSERT INTO ordenes VALUES (922, '2023-06-13', 1, 2);
INSERT INTO ordenes VALUES (923, '2023-05-25', 2, 1);
INSERT INTO ordenes VALUES (924, '2024-02-29', 1, 3);
INSERT INTO ordenes VALUES (925, '2023-12-25', 2, 2);
INSERT INTO ordenes VALUES (926, '2024-02-15', 1, 2);
INSERT INTO ordenes VALUES (927, '2023-11-01', 4, 2);
INSERT INTO ordenes VALUES (928, '2023-03-28', 5, 3);
INSERT INTO ordenes VALUES (929, '2024-01-10', 2, 3);
INSERT INTO ordenes VALUES (930, '2023-12-06', 5, 2);
INSERT INTO ordenes VALUES (931, '2023-10-12', 3, 1);
INSERT INTO ordenes VALUES (932, '2023-03-08', 1, 1);
INSERT INTO ordenes VALUES (933, '2023-10-15', 1, 1);
INSERT INTO ordenes VALUES (934, '2023-04-29', 2, 2);
INSERT INTO ordenes VALUES (935, '2023-03-30', 1, 3);
INSERT INTO ordenes VALUES (936, '2023-03-05', 1, 3);
INSERT INTO ordenes VALUES (937, '2023-04-01', 1, 3);
INSERT INTO ordenes VALUES (938, '2023-05-24', 3, 3);
INSERT INTO ordenes VALUES (939, '2023-12-29', 4, 3);
INSERT INTO ordenes VALUES (940, '2023-04-22', 3, 1);
INSERT INTO ordenes VALUES (941, '2023-03-17', 5, 1);
INSERT INTO ordenes VALUES (942, '2023-05-03', 4, 1);
INSERT INTO ordenes VALUES (943, '2023-03-19', 5, 3);
INSERT INTO ordenes VALUES (944, '2023-05-23', 1, 2);
INSERT INTO ordenes VALUES (945, '2023-06-26', 4, 1);
INSERT INTO ordenes VALUES (946, '2023-08-28', 5, 2);
INSERT INTO ordenes VALUES (947, '2023-06-28', 4, 1);
INSERT INTO ordenes VALUES (948, '2023-07-31', 3, 3);
INSERT INTO ordenes VALUES (949, '2024-01-22', 4, 1);
INSERT INTO ordenes VALUES (950, '2024-01-10', 1, 2);
INSERT INTO ordenes VALUES (951, '2023-11-03', 3, 1);
INSERT INTO ordenes VALUES (952, '2023-05-03', 4, 2);
INSERT INTO ordenes VALUES (953, '2023-03-25', 2, 2);
INSERT INTO ordenes VALUES (954, '2024-02-19', 4, 1);
INSERT INTO ordenes VALUES (955, '2023-05-01', 2, 2);
INSERT INTO ordenes VALUES (956, '2023-07-15', 4, 2);
INSERT INTO ordenes VALUES (957, '2023-05-14', 5, 1);
INSERT INTO ordenes VALUES (958, '2023-02-20', 3, 3);
INSERT INTO ordenes VALUES (959, '2024-02-19', 2, 2);
INSERT INTO ordenes VALUES (960, '2023-12-11', 1, 2);
INSERT INTO ordenes VALUES (961, '2024-02-17', 1, 2);
INSERT INTO ordenes VALUES (962, '2023-05-03', 1, 1);
INSERT INTO ordenes VALUES (963, '2024-01-13', 2, 1);
INSERT INTO ordenes VALUES (964, '2024-02-25', 1, 1);
INSERT INTO ordenes VALUES (965, '2023-11-25', 4, 3);
INSERT INTO ordenes VALUES (966, '2023-02-09', 2, 1);
INSERT INTO ordenes VALUES (967, '2023-08-07', 3, 2);
INSERT INTO ordenes VALUES (968, '2023-10-11', 1, 2);
INSERT INTO ordenes VALUES (969, '2023-10-21', 5, 3);
INSERT INTO ordenes VALUES (970, '2023-04-12', 5, 1);
INSERT INTO ordenes VALUES (971, '2023-02-28', 2, 2);
INSERT INTO ordenes VALUES (972, '2023-04-19', 5, 3);
INSERT INTO ordenes VALUES (973, '2023-06-07', 3, 3);
INSERT INTO ordenes VALUES (974, '2023-04-17', 5, 1);
INSERT INTO ordenes VALUES (975, '2024-02-22', 1, 3);
INSERT INTO ordenes VALUES (976, '2023-09-23', 5, 3);
INSERT INTO ordenes VALUES (977, '2023-01-01', 3, 3);
INSERT INTO ordenes VALUES (978, '2023-05-29', 5, 2);
INSERT INTO ordenes VALUES (979, '2023-03-12', 3, 3);
INSERT INTO ordenes VALUES (980, '2024-01-15', 3, 2);
INSERT INTO ordenes VALUES (981, '2023-08-18', 4, 1);
INSERT INTO ordenes VALUES (982, '2024-03-07', 3, 1);
INSERT INTO ordenes VALUES (983, '2023-12-31', 4, 1);
INSERT INTO ordenes VALUES (984, '2023-12-28', 3, 2);
INSERT INTO ordenes VALUES (985, '2024-03-19', 1, 1);
INSERT INTO ordenes VALUES (986, '2023-02-24', 2, 3);
INSERT INTO ordenes VALUES (987, '2024-03-23', 4, 2);
INSERT INTO ordenes VALUES (988, '2023-04-27', 1, 3);
INSERT INTO ordenes VALUES (989, '2024-03-07', 1, 1);
INSERT INTO ordenes VALUES (990, '2023-11-23', 2, 3);
INSERT INTO ordenes VALUES (991, '2023-11-25', 4, 3);
INSERT INTO ordenes VALUES (992, '2024-03-18', 1, 3);
INSERT INTO ordenes VALUES (993, '2024-03-05', 2, 1);
INSERT INTO ordenes VALUES (994, '2023-05-11', 3, 2);
INSERT INTO ordenes VALUES (995, '2023-01-17', 5, 2);
INSERT INTO ordenes VALUES (996, '2023-06-26', 5, 2);
INSERT INTO ordenes VALUES (997, '2023-01-26', 4, 3);
INSERT INTO ordenes VALUES (998, '2023-05-11', 2, 1);
INSERT INTO ordenes VALUES (999, '2024-01-26', 1, 2);
INSERT INTO ordenes VALUES (1000, '2023-04-22', 3, 2);
INSERT INTO entregas VALUES (1, 1, '2023-02-01', 'Entregado', 0);
INSERT INTO entregas VALUES (2, 2, '2023-05-19', 'Entregado', 0);
INSERT INTO entregas VALUES (3, 3, NULL, 'Pendiente', NULL);
INSERT INTO entregas VALUES (4, 4, '2024-02-08', 'Entregado', 0);
INSERT INTO entregas VALUES (5, 5, '2023-01-28', 'Entregado', 0);
INSERT INTO entregas VALUES (6, 6, '2023-11-10', 'Entregado', 0);
INSERT INTO entregas VALUES (7, 7, '2023-11-17', 'Entregado', 0);
INSERT INTO entregas VALUES (8, 8, '2023-06-27', 'Entregado', 0);
INSERT INTO entregas VALUES (9, 9, '2023-10-30', 'Entregado', 0);
INSERT INTO entregas VALUES (10, 10, '2023-04-19', 'Entregado con retraso', 1);
INSERT INTO entregas VALUES (11, 11, '2024-03-11', 'Entregado', 0);
INSERT INTO entregas VALUES (12, 12, NULL, 'Pendiente', NULL);
INSERT INTO entregas VALUES (13, 13, '2023-11-06', 'Entregado', 0);
INSERT INTO entregas VALUES (14, 14, '2023-12-06', 'Entregado', 0);
INSERT INTO entregas VALUES (15, 15, '2023-10-16', 'Entregado con retraso', 2);
INSERT INTO entregas VALUES (16, 16, '2023-10-09', 'Entregado', 0);
INSERT INTO entregas VALUES (17, 17, '2023-11-10', 'Entregado', 0);
INSERT INTO entregas VALUES (18, 18, '2024-03-11', 'Entregado', 0);
INSERT INTO entregas VALUES (19, 19, '2023-07-17', 'Entregado', 0);
INSERT INTO entregas VALUES (20, 20, '2023-10-05', 'Entregado', 0);
INSERT INTO entregas VALUES (21, 21, '2023-03-22', 'Entregado con retraso', 3);
INSERT INTO entregas VALUES (22, 22, '2024-02-14', 'Entregado con retraso', 4);
INSERT INTO entregas VALUES (23, 23, NULL, 'Pendiente', NULL);
INSERT INTO entregas VALUES (24, 24, '2023-08-26', 'Entregado', 0);
INSERT INTO entregas VALUES (25, 25, '2023-11-12', 'Entregado con retraso', 1);
INSERT INTO entregas VALUES (26, 26, '2024-02-14', 'Entregado', 0);
INSERT INTO entregas VALUES (27, 27, '2023-12-14', 'Entregado', 0);
INSERT INTO entregas VALUES (28, 28, '2024-03-20', 'Entregado con retraso', 4);
INSERT INTO entregas VALUES (29, 29, '2024-03-04', 'Entregado', 0);
INSERT INTO entregas VALUES (30, 30, '2023-12-03', 'Entregado', 0);
INSERT INTO entregas VALUES (31, 31, '2023-08-25', 'Entregado', 0);
INSERT INTO entregas VALUES (32, 32, '2023-05-13', 'Entregado con retraso', 5);
INSERT INTO entregas VALUES (33, 33, '2023-01-30', 'Entregado', 0);
INSERT INTO entregas VALUES (34, 34, '2024-03-04', 'Entregado', 0);
INSERT INTO entregas VALUES (35, 35, '2024-02-22', 'Entregado', 0);
INSERT INTO entregas VALUES (36, 36, '2023-08-20', 'Entregado', 0);
INSERT INTO entregas VALUES (37, 37, '2024-02-20', 'Entregado', 0);
INSERT INTO entregas VALUES (38, 38, '2023-08-24', 'Entregado con retraso', 5);
INSERT INTO entregas VALUES (39, 39, '2023-03-29', 'Entregado con retraso', 3);
INSERT INTO entregas VALUES (40, 40, '2023-06-20', 'Entregado con retraso', 1);
INSERT INTO entregas VALUES (41, 41, '2023-01-22', 'Entregado', 0);
INSERT INTO entregas VALUES (42, 42, '2024-02-19', 'Entregado', 0);
INSERT INTO entregas VALUES (43, 43, '2023-03-17', 'Entregado', 0);
INSERT INTO entregas VALUES (44, 44, '2023-06-09', 'Entregado', 0);
INSERT INTO entregas VALUES (45, 45, '2024-01-27', 'Entregado con retraso', 1);
INSERT INTO entregas VALUES (46, 46, '2023-03-06', 'Entregado con retraso', 4);
INSERT INTO entregas VALUES (47, 47, '2023-12-03', 'Entregado con retraso', 1);
INSERT INTO entregas VALUES (48, 48, NULL, 'Pendiente', NULL);
INSERT INTO entregas VALUES (49, 49, '2024-03-06', 'Entregado', 0);
INSERT INTO entregas VALUES (50, 50, '2023-08-29', 'Entregado', 0);
INSERT INTO entregas VALUES (51, 51, NULL, 'Pendiente', NULL);
INSERT INTO entregas VALUES (52, 52, NULL, 'Pendiente', NULL);
INSERT INTO entregas VALUES (53, 53, '2023-07-25', 'Entregado con retraso', 3);
INSERT INTO entregas VALUES (54, 54, '2023-10-22', 'Entregado con retraso', 3);
INSERT INTO entregas VALUES (55, 55, '2023-08-18', 'Entregado', 0);
INSERT INTO entregas VALUES (56, 56, NULL, 'Pendiente', NULL);
INSERT INTO entregas VALUES (57, 57, '2023-01-28', 'Entregado', 0);
INSERT INTO entregas VALUES (58, 58, '2023-05-18', 'Entregado', 0);
INSERT INTO entregas VALUES (59, 59, '2023-10-15', 'Entregado con retraso', 1);
INSERT INTO entregas VALUES (60, 60, '2024-01-05', 'Entregado con retraso', 4);
INSERT INTO entregas VALUES (61, 61, '2023-01-28', 'Entregado', 0);
INSERT INTO entregas VALUES (62, 62, NULL, 'Pendiente', NULL);
INSERT INTO entregas VALUES (63, 63, '2024-01-22', 'Entregado con retraso', 2);
INSERT INTO entregas VALUES (64, 64, '2023-02-13', 'Entregado con retraso', 2);
INSERT INTO entregas VALUES (65, 65, '2023-08-25', 'Entregado', 0);
INSERT INTO entregas VALUES (66, 66, '2023-07-10', 'Entregado', 0);
INSERT INTO entregas VALUES (67, 67, '2023-06-16', 'Entregado', 0);
INSERT INTO entregas VALUES (68, 68, '2023-03-28', 'Entregado con retraso', 2);
INSERT INTO entregas VALUES (69, 69, '2023-05-24', 'Entregado', 0);
INSERT INTO entregas VALUES (70, 70, NULL, 'Pendiente', NULL);
INSERT INTO entregas VALUES (71, 71, NULL, 'Pendiente', NULL);
INSERT INTO entregas VALUES (72, 72, '2023-09-25', 'Entregado', 0);
INSERT INTO entregas VALUES (73, 73, '2023-05-12', 'Entregado', 0);
INSERT INTO entregas VALUES (74, 74, '2023-04-14', 'Entregado', 0);
INSERT INTO entregas VALUES (75, 75, '2023-09-15', 'Entregado', 0);
INSERT INTO entregas VALUES (76, 76, '2023-10-13', 'Entregado', 0);
INSERT INTO entregas VALUES (77, 77, '2023-01-05', 'Entregado', 0);
INSERT INTO entregas VALUES (78, 78, '2023-06-03', 'Entregado con retraso', 5);
INSERT INTO entregas VALUES (79, 79, '2024-02-04', 'Entregado', 0);
INSERT INTO entregas VALUES (80, 80, '2024-03-18', 'Entregado con retraso', 2);
INSERT INTO entregas VALUES (81, 81, '2023-11-30', 'Entregado con retraso', 3);
INSERT INTO entregas VALUES (82, 82, '2024-03-14', 'Entregado con retraso', 4);
INSERT INTO entregas VALUES (83, 83, '2023-01-07', 'Entregado', 0);
INSERT INTO entregas VALUES (84, 84, NULL, 'Pendiente', NULL);
INSERT INTO entregas VALUES (85, 85, '2023-09-21', 'Entregado', 0);
INSERT INTO entregas VALUES (86, 86, '2023-02-04', 'Entregado con retraso', 1);
INSERT INTO entregas VALUES (87, 87, '2023-01-26', 'Entregado', 0);
INSERT INTO entregas VALUES (88, 88, '2023-08-12', 'Entregado', 0);
INSERT INTO entregas VALUES (89, 89, '2023-02-22', 'Entregado', 0);
INSERT INTO entregas VALUES (90, 90, '2023-10-20', 'Entregado', 0);
INSERT INTO entregas VALUES (91, 91, NULL, 'Pendiente', NULL);
INSERT INTO entregas VALUES (92, 92, '2023-04-22', 'Entregado con retraso', 2);
INSERT INTO entregas VALUES (93, 93, NULL, 'Pendiente', NULL);
INSERT INTO entregas VALUES (94, 94, '2023-10-23', 'Entregado', 0);
INSERT INTO entregas VALUES (95, 95, '2023-11-15', 'Entregado', 0);
INSERT INTO entregas VALUES (96, 96, NULL, 'Pendiente', NULL);
INSERT INTO entregas VALUES (97, 97, '2024-02-25', 'Entregado con retraso', 2);
INSERT INTO entregas VALUES (98, 98, '2024-01-29', 'Entregado', 0);
INSERT INTO entregas VALUES (99, 99, '2023-10-25', 'Entregado con retraso', 3);
INSERT INTO entregas VALUES (100, 100, '2024-02-21', 'Entregado con retraso', 4);
INSERT INTO entregas VALUES (101, 101, '2024-02-27', 'Entregado', 0);
INSERT INTO entregas VALUES (102, 102, '2024-02-28', 'Entregado', 0);
INSERT INTO entregas VALUES (103, 103, NULL, 'Pendiente', NULL);
INSERT INTO entregas VALUES (104, 104, NULL, 'Pendiente', NULL);
INSERT INTO entregas VALUES (105, 105, '2023-11-12', 'Entregado con retraso', 1);
INSERT INTO entregas VALUES (106, 106, '2023-10-26', 'Entregado', 0);
INSERT INTO entregas VALUES (107, 107, '2024-02-25', 'Entregado', 0);
INSERT INTO entregas VALUES (108, 108, '2023-06-08', 'Entregado', 0);
INSERT INTO entregas VALUES (109, 109, '2023-06-04', 'Entregado', 0);
INSERT INTO entregas VALUES (110, 110, '2023-06-03', 'Entregado', 0);
INSERT INTO entregas VALUES (111, 111, '2023-03-10', 'Entregado', 0);
INSERT INTO entregas VALUES (112, 112, NULL, 'Pendiente', NULL);
INSERT INTO entregas VALUES (113, 113, '2023-11-26', 'Entregado con retraso', 2);
INSERT INTO entregas VALUES (114, 114, '2023-02-12', 'Entregado', 0);
INSERT INTO entregas VALUES (115, 115, '2023-10-24', 'Entregado', 0);
INSERT INTO entregas VALUES (116, 116, '2024-02-07', 'Entregado con retraso', 5);
INSERT INTO entregas VALUES (117, 117, '2023-02-17', 'Entregado con retraso', 4);
INSERT INTO entregas VALUES (118, 118, '2023-07-10', 'Entregado', 0);
INSERT INTO entregas VALUES (119, 119, '2024-02-04', 'Entregado', 0);
INSERT INTO entregas VALUES (120, 120, NULL, 'Pendiente', NULL);
INSERT INTO entregas VALUES (121, 121, NULL, 'Pendiente', NULL);
INSERT INTO entregas VALUES (122, 122, '2023-06-21', 'Entregado', 0);
INSERT INTO entregas VALUES (123, 123, '2023-11-30', 'Entregado con retraso', 5);
INSERT INTO entregas VALUES (124, 124, '2023-07-08', 'Entregado', 0);
INSERT INTO entregas VALUES (125, 125, '2023-11-23', 'Entregado', 0);
INSERT INTO entregas VALUES (126, 126, '2023-06-28', 'Entregado', 0);
INSERT INTO entregas VALUES (127, 127, '2023-06-06', 'Entregado', 0);
INSERT INTO entregas VALUES (128, 128, '2023-01-28', 'Entregado', 0);
INSERT INTO entregas VALUES (129, 129, '2023-01-19', 'Entregado con retraso', 4);
INSERT INTO entregas VALUES (130, 130, '2023-12-23', 'Entregado', 0);
INSERT INTO entregas VALUES (131, 131, '2023-02-06', 'Entregado', 0);
INSERT INTO entregas VALUES (132, 132, '2023-10-27', 'Entregado', 0);
INSERT INTO entregas VALUES (133, 133, '2023-04-17', 'Entregado', 0);
INSERT INTO entregas VALUES (134, 134, '2023-09-25', 'Entregado con retraso', 2);
INSERT INTO entregas VALUES (135, 135, '2023-04-06', 'Entregado', 0);
INSERT INTO entregas VALUES (136, 136, '2023-01-11', 'Entregado con retraso', 2);
INSERT INTO entregas VALUES (137, 137, '2023-12-08', 'Entregado', 0);
INSERT INTO entregas VALUES (138, 138, '2023-09-01', 'Entregado', 0);
INSERT INTO entregas VALUES (139, 139, '2023-05-08', 'Entregado', 0);
INSERT INTO entregas VALUES (140, 140, '2023-02-16', 'Entregado', 0);
INSERT INTO entregas VALUES (141, 141, '2023-03-03', 'Entregado con retraso', 2);
INSERT INTO entregas VALUES (142, 142, NULL, 'Pendiente', NULL);
INSERT INTO entregas VALUES (143, 143, NULL, 'Pendiente', NULL);
INSERT INTO entregas VALUES (144, 144, '2023-03-30', 'Entregado', 0);
INSERT INTO entregas VALUES (145, 145, '2024-02-07', 'Entregado', 0);
INSERT INTO entregas VALUES (146, 146, '2023-11-12', 'Entregado', 0);
INSERT INTO entregas VALUES (147, 147, '2023-08-26', 'Entregado', 0);
INSERT INTO entregas VALUES (148, 148, '2023-05-19', 'Entregado', 0);
INSERT INTO entregas VALUES (149, 149, '2023-03-26', 'Entregado con retraso', 3);
INSERT INTO entregas VALUES (150, 150, '2023-10-25', 'Entregado', 0);
INSERT INTO entregas VALUES (151, 151, '2023-04-06', 'Entregado', 0);
INSERT INTO entregas VALUES (152, 152, '2023-11-20', 'Entregado', 0);
INSERT INTO entregas VALUES (153, 153, '2023-05-09', 'Entregado', 0);
INSERT INTO entregas VALUES (154, 154, '2023-07-07', 'Entregado', 0);
INSERT INTO entregas VALUES (155, 155, '2023-06-28', 'Entregado con retraso', 3);
INSERT INTO entregas VALUES (156, 156, NULL, 'Pendiente', NULL);
INSERT INTO entregas VALUES (157, 157, '2023-02-01', 'Entregado', 0);
INSERT INTO entregas VALUES (158, 158, NULL, 'Pendiente', NULL);
INSERT INTO entregas VALUES (159, 159, '2023-08-29', 'Entregado', 0);
INSERT INTO entregas VALUES (160, 160, '2023-05-16', 'Entregado con retraso', 3);
INSERT INTO entregas VALUES (161, 161, '2023-05-26', 'Entregado', 0);
INSERT INTO entregas VALUES (162, 162, NULL, 'Pendiente', NULL);
INSERT INTO entregas VALUES (163, 163, '2023-05-26', 'Entregado', 0);
INSERT INTO entregas VALUES (164, 164, '2023-08-05', 'Entregado', 0);
INSERT INTO entregas VALUES (165, 165, '2023-05-31', 'Entregado con retraso', 3);
INSERT INTO entregas VALUES (166, 166, '2023-03-16', 'Entregado con retraso', 1);
INSERT INTO entregas VALUES (167, 167, '2023-04-25', 'Entregado', 0);
INSERT INTO entregas VALUES (168, 168, '2023-10-26', 'Entregado con retraso', 2);
INSERT INTO entregas VALUES (169, 169, '2023-06-11', 'Entregado', 0);
INSERT INTO entregas VALUES (170, 170, '2023-11-05', 'Entregado', 0);
INSERT INTO entregas VALUES (171, 171, '2024-01-17', 'Entregado', 0);
INSERT INTO entregas VALUES (172, 172, '2023-09-24', 'Entregado', 0);
INSERT INTO entregas VALUES (173, 173, '2023-02-12', 'Entregado', 0);
INSERT INTO entregas VALUES (174, 174, '2023-04-24', 'Entregado con retraso', 4);
INSERT INTO entregas VALUES (175, 175, NULL, 'Pendiente', NULL);
INSERT INTO entregas VALUES (176, 176, '2023-01-07', 'Entregado', 0);
INSERT INTO entregas VALUES (177, 177, '2023-01-24', 'Entregado', 0);
INSERT INTO entregas VALUES (178, 178, '2023-11-16', 'Entregado', 0);
INSERT INTO entregas VALUES (179, 179, '2023-10-06', 'Entregado', 0);
INSERT INTO entregas VALUES (180, 180, '2023-12-17', 'Entregado con retraso', 4);
INSERT INTO entregas VALUES (181, 181, '2023-07-28', 'Entregado', 0);
INSERT INTO entregas VALUES (182, 182, '2023-10-19', 'Entregado', 0);
INSERT INTO entregas VALUES (183, 183, NULL, 'Pendiente', NULL);
INSERT INTO entregas VALUES (184, 184, '2023-08-30', 'Entregado con retraso', 4);
INSERT INTO entregas VALUES (185, 185, '2023-10-30', 'Entregado con retraso', 4);
INSERT INTO entregas VALUES (186, 186, '2023-03-15', 'Entregado', 0);
INSERT INTO entregas VALUES (187, 187, '2023-12-20', 'Entregado con retraso', 5);
INSERT INTO entregas VALUES (188, 188, '2023-05-21', 'Entregado', 0);
INSERT INTO entregas VALUES (189, 189, '2024-02-16', 'Entregado', 0);
INSERT INTO entregas VALUES (190, 190, '2023-02-11', 'Entregado con retraso', 5);
INSERT INTO entregas VALUES (191, 191, '2023-02-23', 'Entregado con retraso', 4);
INSERT INTO entregas VALUES (192, 192, '2023-08-10', 'Entregado con retraso', 1);
INSERT INTO entregas VALUES (193, 193, '2023-10-19', 'Entregado con retraso', 4);
INSERT INTO entregas VALUES (194, 194, '2023-12-23', 'Entregado', 0);
INSERT INTO entregas VALUES (195, 195, '2023-12-01', 'Entregado', 0);
INSERT INTO entregas VALUES (196, 196, '2023-03-31', 'Entregado con retraso', 2);
INSERT INTO entregas VALUES (197, 197, '2023-10-07', 'Entregado con retraso', 5);
INSERT INTO entregas VALUES (198, 198, '2023-03-09', 'Entregado', 0);
INSERT INTO entregas VALUES (199, 199, '2023-01-25', 'Entregado con retraso', 4);
INSERT INTO entregas VALUES (200, 200, '2023-03-10', 'Entregado con retraso', 5);
INSERT INTO entregas VALUES (201, 201, '2023-05-18', 'Entregado', 0);
INSERT INTO entregas VALUES (202, 202, '2024-03-02', 'Entregado con retraso', 3);
INSERT INTO entregas VALUES (203, 203, '2023-10-19', 'Entregado', 0);
INSERT INTO entregas VALUES (204, 204, '2023-07-12', 'Entregado', 0);
INSERT INTO entregas VALUES (205, 205, NULL, 'Pendiente', NULL);
INSERT INTO entregas VALUES (206, 206, '2023-03-20', 'Entregado con retraso', 3);
INSERT INTO entregas VALUES (207, 207, '2023-08-08', 'Entregado', 0);
INSERT INTO entregas VALUES (208, 208, '2023-05-08', 'Entregado', 0);
INSERT INTO entregas VALUES (209, 209, '2023-06-18', 'Entregado con retraso', 3);
INSERT INTO entregas VALUES (210, 210, '2023-05-05', 'Entregado', 0);
INSERT INTO entregas VALUES (211, 211, '2023-01-15', 'Entregado', 0);
INSERT INTO entregas VALUES (212, 212, '2024-01-27', 'Entregado', 0);
INSERT INTO entregas VALUES (213, 213, NULL, 'Pendiente', NULL);
INSERT INTO entregas VALUES (214, 214, '2023-01-18', 'Entregado con retraso', 1);
INSERT INTO entregas VALUES (215, 215, '2023-08-16', 'Entregado', 0);
INSERT INTO entregas VALUES (216, 216, '2024-02-18', 'Entregado', 0);
INSERT INTO entregas VALUES (217, 217, '2023-12-29', 'Entregado con retraso', 5);
INSERT INTO entregas VALUES (218, 218, '2023-07-24', 'Entregado con retraso', 3);
INSERT INTO entregas VALUES (219, 219, '2023-08-02', 'Entregado', 0);
INSERT INTO entregas VALUES (220, 220, '2023-03-15', 'Entregado', 0);
INSERT INTO entregas VALUES (221, 221, '2023-06-24', 'Entregado con retraso', 3);
INSERT INTO entregas VALUES (222, 222, '2024-03-07', 'Entregado', 0);
INSERT INTO entregas VALUES (223, 223, '2023-08-01', 'Entregado', 0);
INSERT INTO entregas VALUES (224, 224, '2023-08-26', 'Entregado con retraso', 2);
INSERT INTO entregas VALUES (225, 225, '2023-11-30', 'Entregado', 0);
INSERT INTO entregas VALUES (226, 226, '2023-02-27', 'Entregado', 0);
INSERT INTO entregas VALUES (227, 227, '2023-06-16', 'Entregado', 0);
INSERT INTO entregas VALUES (228, 228, '2023-02-04', 'Entregado con retraso', 2);
INSERT INTO entregas VALUES (229, 229, '2023-07-23', 'Entregado', 0);
INSERT INTO entregas VALUES (230, 230, '2023-01-10', 'Entregado', 0);
INSERT INTO entregas VALUES (231, 231, NULL, 'Pendiente', NULL);
INSERT INTO entregas VALUES (232, 232, '2023-01-25', 'Entregado', 0);
INSERT INTO entregas VALUES (233, 233, '2024-03-05', 'Entregado con retraso', 2);
INSERT INTO entregas VALUES (234, 234, '2023-11-04', 'Entregado', 0);
INSERT INTO entregas VALUES (235, 235, '2024-03-01', 'Entregado', 0);
INSERT INTO entregas VALUES (236, 236, '2023-08-19', 'Entregado', 0);
INSERT INTO entregas VALUES (237, 237, '2023-07-04', 'Entregado', 0);
INSERT INTO entregas VALUES (238, 238, NULL, 'Pendiente', NULL);
INSERT INTO entregas VALUES (239, 239, '2023-07-04', 'Entregado', 0);
INSERT INTO entregas VALUES (240, 240, '2023-06-20', 'Entregado', 0);
INSERT INTO entregas VALUES (241, 241, '2023-12-19', 'Entregado con retraso', 2);
INSERT INTO entregas VALUES (242, 242, '2023-02-05', 'Entregado', 0);
INSERT INTO entregas VALUES (243, 243, '2023-12-07', 'Entregado', 0);
INSERT INTO entregas VALUES (244, 244, '2023-04-12', 'Entregado', 0);
INSERT INTO entregas VALUES (245, 245, '2024-02-09', 'Entregado con retraso', 1);
INSERT INTO entregas VALUES (246, 246, '2023-03-03', 'Entregado con retraso', 3);
INSERT INTO entregas VALUES (247, 247, '2023-08-23', 'Entregado', 0);
INSERT INTO entregas VALUES (248, 248, '2023-08-26', 'Entregado con retraso', 3);
INSERT INTO entregas VALUES (249, 249, '2024-03-03', 'Entregado con retraso', 5);
INSERT INTO entregas VALUES (250, 250, NULL, 'Pendiente', NULL);
INSERT INTO entregas VALUES (251, 251, '2023-09-02', 'Entregado', 0);
INSERT INTO entregas VALUES (252, 252, '2023-05-12', 'Entregado', 0);
INSERT INTO entregas VALUES (253, 253, '2024-03-14', 'Entregado con retraso', 4);
INSERT INTO entregas VALUES (254, 254, '2024-01-15', 'Entregado', 0);
INSERT INTO entregas VALUES (255, 255, '2023-12-14', 'Entregado con retraso', 1);
INSERT INTO entregas VALUES (256, 256, '2023-09-20', 'Entregado con retraso', 2);
INSERT INTO entregas VALUES (257, 257, '2023-04-15', 'Entregado', 0);
INSERT INTO entregas VALUES (258, 258, '2023-09-09', 'Entregado con retraso', 3);
INSERT INTO entregas VALUES (259, 259, '2023-08-02', 'Entregado con retraso', 4);
INSERT INTO entregas VALUES (260, 260, NULL, 'Pendiente', NULL);
INSERT INTO entregas VALUES (261, 261, '2024-01-11', 'Entregado', 0);
INSERT INTO entregas VALUES (262, 262, '2024-01-28', 'Entregado', 0);
INSERT INTO entregas VALUES (263, 263, NULL, 'Pendiente', NULL);
INSERT INTO entregas VALUES (264, 264, '2023-01-28', 'Entregado', 0);
INSERT INTO entregas VALUES (265, 265, '2024-01-23', 'Entregado', 0);
INSERT INTO entregas VALUES (266, 266, '2023-06-25', 'Entregado con retraso', 2);
INSERT INTO entregas VALUES (267, 267, '2023-06-04', 'Entregado', 0);
INSERT INTO entregas VALUES (268, 268, '2023-04-06', 'Entregado', 0);
INSERT INTO entregas VALUES (269, 269, '2023-05-12', 'Entregado', 0);
INSERT INTO entregas VALUES (270, 270, '2023-04-11', 'Entregado con retraso', 2);
INSERT INTO entregas VALUES (271, 271, '2024-01-13', 'Entregado', 0);
INSERT INTO entregas VALUES (272, 272, '2023-07-09', 'Entregado', 0);
INSERT INTO entregas VALUES (273, 273, '2023-11-18', 'Entregado', 0);
INSERT INTO entregas VALUES (274, 274, '2023-01-26', 'Entregado', 0);
INSERT INTO entregas VALUES (275, 275, '2023-09-22', 'Entregado con retraso', 4);
INSERT INTO entregas VALUES (276, 276, '2023-04-25', 'Entregado', 0);
INSERT INTO entregas VALUES (277, 277, '2023-07-31', 'Entregado', 0);
INSERT INTO entregas VALUES (278, 278, '2023-03-28', 'Entregado', 0);
INSERT INTO entregas VALUES (279, 279, '2023-01-10', 'Entregado con retraso', 3);
INSERT INTO entregas VALUES (280, 280, '2023-04-28', 'Entregado', 0);
INSERT INTO entregas VALUES (281, 281, '2024-01-22', 'Entregado', 0);
INSERT INTO entregas VALUES (282, 282, '2023-10-03', 'Entregado', 0);
INSERT INTO entregas VALUES (283, 283, '2024-02-10', 'Entregado', 0);
INSERT INTO entregas VALUES (284, 284, '2023-05-07', 'Entregado', 0);
INSERT INTO entregas VALUES (285, 285, '2023-07-24', 'Entregado', 0);
INSERT INTO entregas VALUES (286, 286, '2023-09-01', 'Entregado', 0);
INSERT INTO entregas VALUES (287, 287, '2023-09-11', 'Entregado', 0);
INSERT INTO entregas VALUES (288, 288, '2023-03-01', 'Entregado', 0);
INSERT INTO entregas VALUES (289, 289, '2023-05-25', 'Entregado', 0);
INSERT INTO entregas VALUES (290, 290, '2023-10-18', 'Entregado', 0);
INSERT INTO entregas VALUES (291, 291, '2023-09-28', 'Entregado con retraso', 3);
INSERT INTO entregas VALUES (292, 292, '2023-08-09', 'Entregado con retraso', 5);
INSERT INTO entregas VALUES (293, 293, '2023-02-02', 'Entregado', 0);
INSERT INTO entregas VALUES (294, 294, '2024-03-17', 'Entregado', 0);
INSERT INTO entregas VALUES (295, 295, '2023-06-12', 'Entregado', 0);
INSERT INTO entregas VALUES (296, 296, '2023-08-06', 'Entregado con retraso', 3);
INSERT INTO entregas VALUES (297, 297, '2023-11-21', 'Entregado', 0);
INSERT INTO entregas VALUES (298, 298, '2023-01-19', 'Entregado con retraso', 2);
INSERT INTO entregas VALUES (299, 299, '2023-09-29', 'Entregado', 0);
INSERT INTO entregas VALUES (300, 300, '2024-02-21', 'Entregado', 0);
INSERT INTO entregas VALUES (301, 301, '2023-05-07', 'Entregado', 0);
INSERT INTO entregas VALUES (302, 302, '2024-03-22', 'Entregado', 0);
INSERT INTO entregas VALUES (303, 303, '2023-03-16', 'Entregado con retraso', 1);
INSERT INTO entregas VALUES (304, 304, '2023-11-14', 'Entregado con retraso', 2);
INSERT INTO entregas VALUES (305, 305, '2023-06-29', 'Entregado con retraso', 5);
INSERT INTO entregas VALUES (306, 306, '2023-09-28', 'Entregado', 0);
INSERT INTO entregas VALUES (307, 307, '2023-07-12', 'Entregado', 0);
INSERT INTO entregas VALUES (308, 308, '2023-04-02', 'Entregado con retraso', 5);
INSERT INTO entregas VALUES (309, 309, '2023-10-03', 'Entregado', 0);
INSERT INTO entregas VALUES (310, 310, '2023-01-14', 'Entregado con retraso', 2);
INSERT INTO entregas VALUES (311, 311, '2023-10-16', 'Entregado', 0);
INSERT INTO entregas VALUES (312, 312, '2023-10-09', 'Entregado', 0);
INSERT INTO entregas VALUES (313, 313, '2023-12-02', 'Entregado', 0);
INSERT INTO entregas VALUES (314, 314, '2023-11-17', 'Entregado con retraso', 5);
INSERT INTO entregas VALUES (315, 315, '2023-12-23', 'Entregado con retraso', 3);
INSERT INTO entregas VALUES (316, 316, NULL, 'Pendiente', NULL);
INSERT INTO entregas VALUES (317, 317, '2024-03-28', 'Entregado', 0);
INSERT INTO entregas VALUES (318, 318, '2023-04-09', 'Entregado con retraso', 1);
INSERT INTO entregas VALUES (319, 319, '2023-11-27', 'Entregado con retraso', 3);
INSERT INTO entregas VALUES (320, 320, '2023-05-25', 'Entregado', 0);
INSERT INTO entregas VALUES (321, 321, '2023-05-21', 'Entregado', 0);
INSERT INTO entregas VALUES (322, 322, '2023-05-12', 'Entregado', 0);
INSERT INTO entregas VALUES (323, 323, '2023-12-06', 'Entregado', 0);
INSERT INTO entregas VALUES (324, 324, '2023-10-29', 'Entregado con retraso', 4);
INSERT INTO entregas VALUES (325, 325, NULL, 'Pendiente', NULL);
INSERT INTO entregas VALUES (326, 326, '2024-03-10', 'Entregado', 0);
INSERT INTO entregas VALUES (327, 327, '2023-03-16', 'Entregado', 0);
INSERT INTO entregas VALUES (328, 328, '2024-01-08', 'Entregado', 0);
INSERT INTO entregas VALUES (329, 329, NULL, 'Pendiente', NULL);
INSERT INTO entregas VALUES (330, 330, '2023-02-28', 'Entregado', 0);
INSERT INTO entregas VALUES (331, 331, '2023-10-21', 'Entregado con retraso', 1);
INSERT INTO entregas VALUES (332, 332, NULL, 'Pendiente', NULL);
INSERT INTO entregas VALUES (333, 333, '2023-10-01', 'Entregado', 0);
INSERT INTO entregas VALUES (334, 334, '2023-12-03', 'Entregado', 0);
INSERT INTO entregas VALUES (335, 335, '2023-04-01', 'Entregado', 0);
INSERT INTO entregas VALUES (336, 336, '2023-07-15', 'Entregado', 0);
INSERT INTO entregas VALUES (337, 337, '2023-07-08', 'Entregado con retraso', 5);
INSERT INTO entregas VALUES (338, 338, '2023-01-28', 'Entregado', 0);
INSERT INTO entregas VALUES (339, 339, '2023-07-28', 'Entregado con retraso', 1);
INSERT INTO entregas VALUES (340, 340, '2023-03-24', 'Entregado', 0);
INSERT INTO entregas VALUES (341, 341, '2023-11-23', 'Entregado', 0);
INSERT INTO entregas VALUES (342, 342, '2023-02-12', 'Entregado', 0);
INSERT INTO entregas VALUES (343, 343, '2023-11-20', 'Entregado con retraso', 1);
INSERT INTO entregas VALUES (344, 344, '2024-01-26', 'Entregado con retraso', 3);
INSERT INTO entregas VALUES (345, 345, '2023-12-15', 'Entregado', 0);
INSERT INTO entregas VALUES (346, 346, '2023-05-02', 'Entregado', 0);
INSERT INTO entregas VALUES (347, 347, '2024-03-02', 'Entregado', 0);
INSERT INTO entregas VALUES (348, 348, '2023-09-28', 'Entregado con retraso', 5);
INSERT INTO entregas VALUES (349, 349, '2023-03-12', 'Entregado', 0);
INSERT INTO entregas VALUES (350, 350, '2023-05-01', 'Entregado con retraso', 2);
INSERT INTO entregas VALUES (351, 351, '2023-09-29', 'Entregado', 0);
INSERT INTO entregas VALUES (352, 352, '2023-02-14', 'Entregado con retraso', 2);
INSERT INTO entregas VALUES (353, 353, '2023-07-07', 'Entregado con retraso', 5);
INSERT INTO entregas VALUES (354, 354, '2023-03-11', 'Entregado con retraso', 1);
INSERT INTO entregas VALUES (355, 355, '2023-03-09', 'Entregado', 0);
INSERT INTO entregas VALUES (356, 356, '2023-02-04', 'Entregado con retraso', 5);
INSERT INTO entregas VALUES (357, 357, '2023-04-11', 'Entregado con retraso', 2);
INSERT INTO entregas VALUES (358, 358, '2024-01-12', 'Entregado', 0);
INSERT INTO entregas VALUES (359, 359, '2023-08-20', 'Entregado', 0);
INSERT INTO entregas VALUES (360, 360, NULL, 'Pendiente', NULL);
INSERT INTO entregas VALUES (361, 361, '2023-09-13', 'Entregado', 0);
INSERT INTO entregas VALUES (362, 362, '2023-12-05', 'Entregado con retraso', 5);
INSERT INTO entregas VALUES (363, 363, '2023-05-31', 'Entregado', 0);
INSERT INTO entregas VALUES (364, 364, '2023-06-18', 'Entregado', 0);
INSERT INTO entregas VALUES (365, 365, NULL, 'Pendiente', NULL);
INSERT INTO entregas VALUES (366, 366, '2023-01-22', 'Entregado', 0);
INSERT INTO entregas VALUES (367, 367, '2023-12-17', 'Entregado con retraso', 3);
INSERT INTO entregas VALUES (368, 368, '2024-02-08', 'Entregado', 0);
INSERT INTO entregas VALUES (369, 369, '2023-04-10', 'Entregado', 0);
INSERT INTO entregas VALUES (370, 370, '2023-04-08', 'Entregado', 0);
INSERT INTO entregas VALUES (371, 371, '2023-01-31', 'Entregado', 0);
INSERT INTO entregas VALUES (372, 372, '2023-01-15', 'Entregado con retraso', 3);
INSERT INTO entregas VALUES (373, 373, '2023-01-25', 'Entregado', 0);
INSERT INTO entregas VALUES (374, 374, '2023-09-23', 'Entregado con retraso', 5);
INSERT INTO entregas VALUES (375, 375, '2023-12-23', 'Entregado', 0);
INSERT INTO entregas VALUES (376, 376, '2023-08-16', 'Entregado', 0);
INSERT INTO entregas VALUES (377, 377, NULL, 'Pendiente', NULL);
INSERT INTO entregas VALUES (378, 378, '2023-11-05', 'Entregado con retraso', 1);
INSERT INTO entregas VALUES (379, 379, '2023-01-16', 'Entregado', 0);
INSERT INTO entregas VALUES (380, 380, '2023-07-09', 'Entregado', 0);
INSERT INTO entregas VALUES (381, 381, '2024-03-26', 'Entregado con retraso', 3);
INSERT INTO entregas VALUES (382, 382, NULL, 'Pendiente', NULL);
INSERT INTO entregas VALUES (383, 383, '2023-06-27', 'Entregado con retraso', 4);
INSERT INTO entregas VALUES (384, 384, '2023-11-17', 'Entregado', 0);
INSERT INTO entregas VALUES (385, 385, '2024-01-08', 'Entregado', 0);
INSERT INTO entregas VALUES (386, 386, '2023-04-09', 'Entregado', 0);
INSERT INTO entregas VALUES (387, 387, '2023-08-11', 'Entregado', 0);
INSERT INTO entregas VALUES (388, 388, '2023-06-27', 'Entregado', 0);
INSERT INTO entregas VALUES (389, 389, '2024-02-15', 'Entregado con retraso', 2);
INSERT INTO entregas VALUES (390, 390, '2023-01-30', 'Entregado', 0);
INSERT INTO entregas VALUES (391, 391, '2023-07-25', 'Entregado', 0);
INSERT INTO entregas VALUES (392, 392, '2024-02-08', 'Entregado', 0);
INSERT INTO entregas VALUES (393, 393, NULL, 'Pendiente', NULL);
INSERT INTO entregas VALUES (394, 394, '2023-08-04', 'Entregado', 0);
INSERT INTO entregas VALUES (395, 395, '2023-05-08', 'Entregado con retraso', 2);
INSERT INTO entregas VALUES (396, 396, '2023-08-23', 'Entregado con retraso', 3);
INSERT INTO entregas VALUES (397, 397, '2023-08-03', 'Entregado con retraso', 1);
INSERT INTO entregas VALUES (398, 398, '2024-03-17', 'Entregado', 0);
INSERT INTO entregas VALUES (399, 399, '2023-01-09', 'Entregado con retraso', 3);
INSERT INTO entregas VALUES (400, 400, '2023-06-17', 'Entregado', 0);
INSERT INTO entregas VALUES (401, 401, '2023-05-24', 'Entregado', 0);
INSERT INTO entregas VALUES (402, 402, '2023-06-24', 'Entregado con retraso', 2);
INSERT INTO entregas VALUES (403, 403, '2023-02-17', 'Entregado', 0);
INSERT INTO entregas VALUES (404, 404, NULL, 'Pendiente', NULL);
INSERT INTO entregas VALUES (405, 405, '2023-09-02', 'Entregado', 0);
INSERT INTO entregas VALUES (406, 406, '2024-03-07', 'Entregado', 0);
INSERT INTO entregas VALUES (407, 407, '2023-08-23', 'Entregado', 0);
INSERT INTO entregas VALUES (408, 408, '2023-04-12', 'Entregado con retraso', 3);
INSERT INTO entregas VALUES (409, 409, NULL, 'Pendiente', NULL);
INSERT INTO entregas VALUES (410, 410, '2023-11-11', 'Entregado con retraso', 4);
INSERT INTO entregas VALUES (411, 411, '2023-12-16', 'Entregado con retraso', 1);
INSERT INTO entregas VALUES (412, 412, '2023-01-06', 'Entregado', 0);
INSERT INTO entregas VALUES (413, 413, '2024-03-27', 'Entregado con retraso', 1);
INSERT INTO entregas VALUES (414, 414, '2023-08-26', 'Entregado', 0);
INSERT INTO entregas VALUES (415, 415, '2024-03-31', 'Entregado con retraso', 2);
INSERT INTO entregas VALUES (416, 416, '2023-09-26', 'Entregado con retraso', 5);
INSERT INTO entregas VALUES (417, 417, '2023-12-07', 'Entregado', 0);
INSERT INTO entregas VALUES (418, 418, '2023-12-13', 'Entregado', 0);
INSERT INTO entregas VALUES (419, 419, '2023-05-28', 'Entregado con retraso', 1);
INSERT INTO entregas VALUES (420, 420, '2023-04-10', 'Entregado con retraso', 3);
INSERT INTO entregas VALUES (421, 421, NULL, 'Pendiente', NULL);
INSERT INTO entregas VALUES (422, 422, '2023-11-04', 'Entregado con retraso', 4);
INSERT INTO entregas VALUES (423, 423, '2023-06-21', 'Entregado', 0);
INSERT INTO entregas VALUES (424, 424, '2024-02-21', 'Entregado', 0);
INSERT INTO entregas VALUES (425, 425, '2024-02-05', 'Entregado con retraso', 3);
INSERT INTO entregas VALUES (426, 426, '2023-08-03', 'Entregado', 0);
INSERT INTO entregas VALUES (427, 427, '2024-03-05', 'Entregado', 0);
INSERT INTO entregas VALUES (428, 428, '2023-01-21', 'Entregado con retraso', 5);
INSERT INTO entregas VALUES (429, 429, '2023-02-21', 'Entregado', 0);
INSERT INTO entregas VALUES (430, 430, '2023-06-10', 'Entregado con retraso', 2);
INSERT INTO entregas VALUES (431, 431, '2024-02-24', 'Entregado con retraso', 3);
INSERT INTO entregas VALUES (432, 432, '2023-11-02', 'Entregado', 0);
INSERT INTO entregas VALUES (433, 433, '2024-02-25', 'Entregado', 0);
INSERT INTO entregas VALUES (434, 434, '2023-02-03', 'Entregado', 0);
INSERT INTO entregas VALUES (435, 435, '2024-01-21', 'Entregado', 0);
INSERT INTO entregas VALUES (436, 436, '2023-09-25', 'Entregado con retraso', 2);
INSERT INTO entregas VALUES (437, 437, '2023-06-27', 'Entregado', 0);
INSERT INTO entregas VALUES (438, 438, '2023-01-08', 'Entregado', 0);
INSERT INTO entregas VALUES (439, 439, '2024-02-22', 'Entregado', 0);
INSERT INTO entregas VALUES (440, 440, '2023-02-07', 'Entregado', 0);
INSERT INTO entregas VALUES (441, 441, NULL, 'Pendiente', NULL);
INSERT INTO entregas VALUES (442, 442, '2023-06-27', 'Entregado con retraso', 2);
INSERT INTO entregas VALUES (443, 443, '2023-04-10', 'Entregado', 0);
INSERT INTO entregas VALUES (444, 444, '2023-07-20', 'Entregado', 0);
INSERT INTO entregas VALUES (445, 445, '2023-11-14', 'Entregado con retraso', 4);
INSERT INTO entregas VALUES (446, 446, NULL, 'Pendiente', NULL);
INSERT INTO entregas VALUES (447, 447, '2024-02-14', 'Entregado con retraso', 5);
INSERT INTO entregas VALUES (448, 448, '2023-06-26', 'Entregado', 0);
INSERT INTO entregas VALUES (449, 449, '2023-07-11', 'Entregado', 0);
INSERT INTO entregas VALUES (450, 450, '2023-06-16', 'Entregado con retraso', 4);
INSERT INTO entregas VALUES (451, 451, '2023-09-13', 'Entregado con retraso', 1);
INSERT INTO entregas VALUES (452, 452, '2023-12-21', 'Entregado con retraso', 3);
INSERT INTO entregas VALUES (453, 453, '2023-10-30', 'Entregado con retraso', 5);
INSERT INTO entregas VALUES (454, 454, '2024-02-10', 'Entregado', 0);
INSERT INTO entregas VALUES (455, 455, '2023-07-07', 'Entregado con retraso', 3);
INSERT INTO entregas VALUES (456, 456, '2023-06-03', 'Entregado', 0);
INSERT INTO entregas VALUES (457, 457, NULL, 'Pendiente', NULL);
INSERT INTO entregas VALUES (458, 458, '2023-12-20', 'Entregado', 0);
INSERT INTO entregas VALUES (459, 459, '2023-07-18', 'Entregado', 0);
INSERT INTO entregas VALUES (460, 460, '2023-09-07', 'Entregado con retraso', 4);
INSERT INTO entregas VALUES (461, 461, '2023-06-03', 'Entregado', 0);
INSERT INTO entregas VALUES (462, 462, '2023-09-04', 'Entregado con retraso', 5);
INSERT INTO entregas VALUES (463, 463, NULL, 'Pendiente', NULL);
INSERT INTO entregas VALUES (464, 464, '2024-03-16', 'Entregado con retraso', 4);
INSERT INTO entregas VALUES (465, 465, '2023-06-03', 'Entregado', 0);
INSERT INTO entregas VALUES (466, 466, '2024-02-07', 'Entregado con retraso', 2);
INSERT INTO entregas VALUES (467, 467, '2023-05-18', 'Entregado', 0);
INSERT INTO entregas VALUES (468, 468, '2024-01-26', 'Entregado', 0);
INSERT INTO entregas VALUES (469, 469, '2023-08-03', 'Entregado', 0);
INSERT INTO entregas VALUES (470, 470, '2023-09-06', 'Entregado', 0);
INSERT INTO entregas VALUES (471, 471, NULL, 'Pendiente', NULL);
INSERT INTO entregas VALUES (472, 472, '2023-08-20', 'Entregado', 0);
INSERT INTO entregas VALUES (473, 473, '2023-11-17', 'Entregado', 0);
INSERT INTO entregas VALUES (474, 474, '2023-08-02', 'Entregado con retraso', 2);
INSERT INTO entregas VALUES (475, 475, '2024-01-08', 'Entregado', 0);
INSERT INTO entregas VALUES (476, 476, NULL, 'Pendiente', NULL);
INSERT INTO entregas VALUES (477, 477, '2024-03-12', 'Entregado', 0);
INSERT INTO entregas VALUES (478, 478, '2024-03-02', 'Entregado con retraso', 1);
INSERT INTO entregas VALUES (479, 479, '2023-04-02', 'Entregado con retraso', 1);
INSERT INTO entregas VALUES (480, 480, '2023-01-13', 'Entregado con retraso', 3);
INSERT INTO entregas VALUES (481, 481, '2023-08-23', 'Entregado', 0);
INSERT INTO entregas VALUES (482, 482, NULL, 'Pendiente', NULL);
INSERT INTO entregas VALUES (483, 483, '2023-07-27', 'Entregado con retraso', 2);
INSERT INTO entregas VALUES (484, 484, '2023-04-24', 'Entregado', 0);
INSERT INTO entregas VALUES (485, 485, NULL, 'Pendiente', NULL);
INSERT INTO entregas VALUES (486, 486, '2023-10-29', 'Entregado', 0);
INSERT INTO entregas VALUES (487, 487, '2024-01-21', 'Entregado', 0);
INSERT INTO entregas VALUES (488, 488, '2023-04-05', 'Entregado', 0);
INSERT INTO entregas VALUES (489, 489, NULL, 'Pendiente', NULL);
INSERT INTO entregas VALUES (490, 490, NULL, 'Pendiente', NULL);
INSERT INTO entregas VALUES (491, 491, '2024-01-23', 'Entregado', 0);
INSERT INTO entregas VALUES (492, 492, '2023-10-29', 'Entregado', 0);
INSERT INTO entregas VALUES (493, 493, NULL, 'Pendiente', NULL);
INSERT INTO entregas VALUES (494, 494, '2023-04-09', 'Entregado', 0);
INSERT INTO entregas VALUES (495, 495, '2023-06-09', 'Entregado', 0);
INSERT INTO entregas VALUES (496, 496, '2024-03-08', 'Entregado', 0);
INSERT INTO entregas VALUES (497, 497, '2023-07-29', 'Entregado con retraso', 1);
INSERT INTO entregas VALUES (498, 498, '2023-03-12', 'Entregado', 0);
INSERT INTO entregas VALUES (499, 499, '2023-07-17', 'Entregado', 0);
INSERT INTO entregas VALUES (500, 500, '2023-09-16', 'Entregado', 0);
INSERT INTO entregas VALUES (501, 501, '2023-03-22', 'Entregado con retraso', 2);
INSERT INTO entregas VALUES (502, 502, '2023-02-01', 'Entregado con retraso', 3);
INSERT INTO entregas VALUES (503, 503, '2023-04-24', 'Entregado con retraso', 4);
INSERT INTO entregas VALUES (504, 504, NULL, 'Pendiente', NULL);
INSERT INTO entregas VALUES (505, 505, '2023-03-22', 'Entregado', 0);
INSERT INTO entregas VALUES (506, 506, '2023-05-04', 'Entregado con retraso', 1);
INSERT INTO entregas VALUES (507, 507, '2023-05-07', 'Entregado', 0);
INSERT INTO entregas VALUES (508, 508, '2023-12-02', 'Entregado con retraso', 3);
INSERT INTO entregas VALUES (509, 509, '2023-04-27', 'Entregado', 0);
INSERT INTO entregas VALUES (510, 510, '2023-11-23', 'Entregado con retraso', 1);
INSERT INTO entregas VALUES (511, 511, '2023-07-06', 'Entregado', 0);
INSERT INTO entregas VALUES (512, 512, '2023-06-17', 'Entregado', 0);
INSERT INTO entregas VALUES (513, 513, '2023-12-13', 'Entregado', 0);
INSERT INTO entregas VALUES (514, 514, '2023-06-17', 'Entregado', 0);
INSERT INTO entregas VALUES (515, 515, '2023-12-20', 'Entregado', 0);
INSERT INTO entregas VALUES (516, 516, '2023-12-18', 'Entregado con retraso', 3);
INSERT INTO entregas VALUES (517, 517, '2023-04-30', 'Entregado con retraso', 5);
INSERT INTO entregas VALUES (518, 518, '2023-03-08', 'Entregado con retraso', 1);
INSERT INTO entregas VALUES (519, 519, '2023-03-26', 'Entregado con retraso', 5);
INSERT INTO entregas VALUES (520, 520, '2023-01-13', 'Entregado', 0);
INSERT INTO entregas VALUES (521, 521, '2023-10-06', 'Entregado', 0);
INSERT INTO entregas VALUES (522, 522, NULL, 'Pendiente', NULL);
INSERT INTO entregas VALUES (523, 523, '2024-02-21', 'Entregado con retraso', 3);
INSERT INTO entregas VALUES (524, 524, '2023-02-17', 'Entregado', 0);
INSERT INTO entregas VALUES (525, 525, '2023-11-28', 'Entregado', 0);
INSERT INTO entregas VALUES (526, 526, '2023-06-12', 'Entregado', 0);
INSERT INTO entregas VALUES (527, 527, NULL, 'Pendiente', NULL);
INSERT INTO entregas VALUES (528, 528, '2024-02-29', 'Entregado', 0);
INSERT INTO entregas VALUES (529, 529, '2024-02-11', 'Entregado', 0);
INSERT INTO entregas VALUES (530, 530, '2023-02-20', 'Entregado', 0);
INSERT INTO entregas VALUES (531, 531, '2023-05-06', 'Entregado', 0);
INSERT INTO entregas VALUES (532, 532, '2023-10-09', 'Entregado con retraso', 2);
INSERT INTO entregas VALUES (533, 533, '2023-04-11', 'Entregado', 0);
INSERT INTO entregas VALUES (534, 534, '2023-06-05', 'Entregado', 0);
INSERT INTO entregas VALUES (535, 535, '2024-02-24', 'Entregado con retraso', 5);
INSERT INTO entregas VALUES (536, 536, '2023-01-19', 'Entregado con retraso', 5);
INSERT INTO entregas VALUES (537, 537, '2023-09-29', 'Entregado', 0);
INSERT INTO entregas VALUES (538, 538, '2023-04-11', 'Entregado con retraso', 5);
INSERT INTO entregas VALUES (539, 539, '2023-12-26', 'Entregado con retraso', 5);
INSERT INTO entregas VALUES (540, 540, '2023-08-07', 'Entregado', 0);
INSERT INTO entregas VALUES (541, 541, '2023-05-23', 'Entregado', 0);
INSERT INTO entregas VALUES (542, 542, '2023-02-17', 'Entregado', 0);
INSERT INTO entregas VALUES (543, 543, '2023-12-03', 'Entregado', 0);
INSERT INTO entregas VALUES (544, 544, '2024-02-21', 'Entregado', 0);
INSERT INTO entregas VALUES (545, 545, '2023-08-30', 'Entregado con retraso', 3);
INSERT INTO entregas VALUES (546, 546, '2024-01-06', 'Entregado con retraso', 3);
INSERT INTO entregas VALUES (547, 547, '2024-01-10', 'Entregado con retraso', 4);
INSERT INTO entregas VALUES (548, 548, '2024-03-28', 'Entregado', 0);
INSERT INTO entregas VALUES (549, 549, '2023-03-23', 'Entregado', 0);
INSERT INTO entregas VALUES (550, 550, '2023-12-29', 'Entregado con retraso', 4);
INSERT INTO entregas VALUES (551, 551, '2024-03-12', 'Entregado', 0);
INSERT INTO entregas VALUES (552, 552, NULL, 'Pendiente', NULL);
INSERT INTO entregas VALUES (553, 553, '2023-02-07', 'Entregado', 0);
INSERT INTO entregas VALUES (554, 554, '2023-06-26', 'Entregado con retraso', 1);
INSERT INTO entregas VALUES (555, 555, '2023-10-27', 'Entregado', 0);
INSERT INTO entregas VALUES (556, 556, '2023-10-02', 'Entregado con retraso', 2);
INSERT INTO entregas VALUES (557, 557, '2023-08-31', 'Entregado', 0);
INSERT INTO entregas VALUES (558, 558, '2023-04-27', 'Entregado', 0);
INSERT INTO entregas VALUES (559, 559, '2023-02-22', 'Entregado', 0);
INSERT INTO entregas VALUES (560, 560, '2023-08-30', 'Entregado', 0);
INSERT INTO entregas VALUES (561, 561, '2023-04-09', 'Entregado', 0);
INSERT INTO entregas VALUES (562, 562, NULL, 'Pendiente', NULL);
INSERT INTO entregas VALUES (563, 563, NULL, 'Pendiente', NULL);
INSERT INTO entregas VALUES (564, 564, '2023-04-14', 'Entregado', 0);
INSERT INTO entregas VALUES (565, 565, '2023-01-13', 'Entregado', 0);
INSERT INTO entregas VALUES (566, 566, NULL, 'Pendiente', NULL);
INSERT INTO entregas VALUES (567, 567, '2023-12-12', 'Entregado con retraso', 4);
INSERT INTO entregas VALUES (568, 568, '2023-01-14', 'Entregado', 0);
INSERT INTO entregas VALUES (569, 569, '2024-01-09', 'Entregado con retraso', 5);
INSERT INTO entregas VALUES (570, 570, '2023-11-14', 'Entregado', 0);
INSERT INTO entregas VALUES (571, 571, '2024-01-29', 'Entregado con retraso', 2);
INSERT INTO entregas VALUES (572, 572, '2024-02-08', 'Entregado', 0);
INSERT INTO entregas VALUES (573, 573, '2023-12-25', 'Entregado con retraso', 3);
INSERT INTO entregas VALUES (574, 574, '2023-05-21', 'Entregado', 0);
INSERT INTO entregas VALUES (575, 575, NULL, 'Pendiente', NULL);
INSERT INTO entregas VALUES (576, 576, '2023-02-19', 'Entregado con retraso', 1);
INSERT INTO entregas VALUES (577, 577, '2023-07-29', 'Entregado', 0);
INSERT INTO entregas VALUES (578, 578, '2023-03-31', 'Entregado', 0);
INSERT INTO entregas VALUES (579, 579, '2023-05-11', 'Entregado', 0);
INSERT INTO entregas VALUES (580, 580, '2023-09-02', 'Entregado', 0);
INSERT INTO entregas VALUES (581, 581, '2023-02-12', 'Entregado con retraso', 5);
INSERT INTO entregas VALUES (582, 582, '2023-01-08', 'Entregado con retraso', 4);
INSERT INTO entregas VALUES (583, 583, '2024-03-02', 'Entregado con retraso', 1);
INSERT INTO entregas VALUES (584, 584, '2023-01-16', 'Entregado con retraso', 3);
INSERT INTO entregas VALUES (585, 585, '2024-03-27', 'Entregado', 0);
INSERT INTO entregas VALUES (586, 586, '2023-11-11', 'Entregado', 0);
INSERT INTO entregas VALUES (587, 587, '2023-11-11', 'Entregado con retraso', 2);
INSERT INTO entregas VALUES (588, 588, '2023-10-15', 'Entregado con retraso', 3);
INSERT INTO entregas VALUES (589, 589, '2024-03-18', 'Entregado', 0);
INSERT INTO entregas VALUES (590, 590, '2024-03-04', 'Entregado', 0);
INSERT INTO entregas VALUES (591, 591, '2024-01-24', 'Entregado', 0);
INSERT INTO entregas VALUES (592, 592, '2023-01-27', 'Entregado con retraso', 3);
INSERT INTO entregas VALUES (593, 593, '2023-04-14', 'Entregado', 0);
INSERT INTO entregas VALUES (594, 594, NULL, 'Pendiente', NULL);
INSERT INTO entregas VALUES (595, 595, '2023-05-22', 'Entregado con retraso', 3);
INSERT INTO entregas VALUES (596, 596, '2023-11-16', 'Entregado', 0);
INSERT INTO entregas VALUES (597, 597, '2024-01-25', 'Entregado', 0);
INSERT INTO entregas VALUES (598, 598, '2023-04-06', 'Entregado', 0);
INSERT INTO entregas VALUES (599, 599, '2024-02-02', 'Entregado', 0);
INSERT INTO entregas VALUES (600, 600, '2023-12-02', 'Entregado con retraso', 4);
INSERT INTO entregas VALUES (601, 601, '2023-03-31', 'Entregado', 0);
INSERT INTO entregas VALUES (602, 602, '2023-01-14', 'Entregado', 0);
INSERT INTO entregas VALUES (603, 603, '2023-08-02', 'Entregado con retraso', 3);
INSERT INTO entregas VALUES (604, 604, '2024-02-02', 'Entregado con retraso', 5);
INSERT INTO entregas VALUES (605, 605, '2023-05-01', 'Entregado', 0);
INSERT INTO entregas VALUES (606, 606, '2023-02-03', 'Entregado', 0);
INSERT INTO entregas VALUES (607, 607, '2024-03-22', 'Entregado', 0);
INSERT INTO entregas VALUES (608, 608, '2023-12-03', 'Entregado', 0);
INSERT INTO entregas VALUES (609, 609, '2023-12-03', 'Entregado con retraso', 3);
INSERT INTO entregas VALUES (610, 610, NULL, 'Pendiente', NULL);
INSERT INTO entregas VALUES (611, 611, '2024-02-24', 'Entregado con retraso', 2);
INSERT INTO entregas VALUES (612, 612, '2023-05-29', 'Entregado', 0);
INSERT INTO entregas VALUES (613, 613, '2024-02-16', 'Entregado', 0);
INSERT INTO entregas VALUES (614, 614, '2023-10-30', 'Entregado', 0);
INSERT INTO entregas VALUES (615, 615, '2024-03-15', 'Entregado', 0);
INSERT INTO entregas VALUES (616, 616, '2024-01-07', 'Entregado', 0);
INSERT INTO entregas VALUES (617, 617, NULL, 'Pendiente', NULL);
INSERT INTO entregas VALUES (618, 618, '2023-05-08', 'Entregado', 0);
INSERT INTO entregas VALUES (619, 619, '2023-05-11', 'Entregado', 0);
INSERT INTO entregas VALUES (620, 620, '2023-04-12', 'Entregado', 0);
INSERT INTO entregas VALUES (621, 621, NULL, 'Pendiente', NULL);
INSERT INTO entregas VALUES (622, 622, '2023-04-16', 'Entregado', 0);
INSERT INTO entregas VALUES (623, 623, '2024-03-03', 'Entregado con retraso', 2);
INSERT INTO entregas VALUES (624, 624, '2023-03-27', 'Entregado', 0);
INSERT INTO entregas VALUES (625, 625, '2024-03-16', 'Entregado con retraso', 2);
INSERT INTO entregas VALUES (626, 626, '2024-01-08', 'Entregado', 0);
INSERT INTO entregas VALUES (627, 627, '2023-05-02', 'Entregado', 0);
INSERT INTO entregas VALUES (628, 628, '2023-06-30', 'Entregado con retraso', 2);
INSERT INTO entregas VALUES (629, 629, '2023-02-02', 'Entregado', 0);
INSERT INTO entregas VALUES (630, 630, '2024-03-08', 'Entregado con retraso', 3);
INSERT INTO entregas VALUES (631, 631, '2024-02-09', 'Entregado', 0);
INSERT INTO entregas VALUES (632, 632, '2024-02-10', 'Entregado', 0);
INSERT INTO entregas VALUES (633, 633, NULL, 'Pendiente', NULL);
INSERT INTO entregas VALUES (634, 634, '2024-01-18', 'Entregado', 0);
INSERT INTO entregas VALUES (635, 635, '2024-01-16', 'Entregado con retraso', 1);
INSERT INTO entregas VALUES (636, 636, '2023-12-22', 'Entregado', 0);
INSERT INTO entregas VALUES (637, 637, '2023-08-31', 'Entregado', 0);
INSERT INTO entregas VALUES (638, 638, '2023-08-28', 'Entregado', 0);
INSERT INTO entregas VALUES (639, 639, '2023-12-04', 'Entregado', 0);
INSERT INTO entregas VALUES (640, 640, '2024-03-01', 'Entregado', 0);
INSERT INTO entregas VALUES (641, 641, '2023-09-04', 'Entregado', 0);
INSERT INTO entregas VALUES (642, 642, '2023-03-24', 'Entregado', 0);
INSERT INTO entregas VALUES (643, 643, '2023-06-16', 'Entregado', 0);
INSERT INTO entregas VALUES (644, 644, '2023-04-05', 'Entregado', 0);
INSERT INTO entregas VALUES (645, 645, NULL, 'Pendiente', NULL);
INSERT INTO entregas VALUES (646, 646, '2023-01-13', 'Entregado', 0);
INSERT INTO entregas VALUES (647, 647, '2023-08-03', 'Entregado', 0);
INSERT INTO entregas VALUES (648, 648, '2023-02-08', 'Entregado con retraso', 4);
INSERT INTO entregas VALUES (649, 649, '2023-01-22', 'Entregado', 0);
INSERT INTO entregas VALUES (650, 650, '2023-04-07', 'Entregado', 0);
INSERT INTO entregas VALUES (651, 651, '2023-09-19', 'Entregado', 0);
INSERT INTO entregas VALUES (652, 652, '2024-02-02', 'Entregado', 0);
INSERT INTO entregas VALUES (653, 653, '2024-03-24', 'Entregado', 0);
INSERT INTO entregas VALUES (654, 654, '2023-05-06', 'Entregado', 0);
INSERT INTO entregas VALUES (655, 655, '2023-07-12', 'Entregado con retraso', 1);
INSERT INTO entregas VALUES (656, 656, '2023-07-17', 'Entregado', 0);
INSERT INTO entregas VALUES (657, 657, '2023-08-05', 'Entregado con retraso', 2);
INSERT INTO entregas VALUES (658, 658, '2023-05-11', 'Entregado', 0);
INSERT INTO entregas VALUES (659, 659, '2023-10-12', 'Entregado', 0);
INSERT INTO entregas VALUES (660, 660, '2023-06-13', 'Entregado', 0);
INSERT INTO entregas VALUES (661, 661, '2024-01-10', 'Entregado con retraso', 2);
INSERT INTO entregas VALUES (662, 662, '2023-04-20', 'Entregado', 0);
INSERT INTO entregas VALUES (663, 663, '2023-08-08', 'Entregado', 0);
INSERT INTO entregas VALUES (664, 664, '2023-03-19', 'Entregado', 0);
INSERT INTO entregas VALUES (665, 665, '2023-01-30', 'Entregado', 0);
INSERT INTO entregas VALUES (666, 666, '2023-03-22', 'Entregado con retraso', 4);
INSERT INTO entregas VALUES (667, 667, '2024-03-15', 'Entregado con retraso', 2);
INSERT INTO entregas VALUES (668, 668, NULL, 'Pendiente', NULL);
INSERT INTO entregas VALUES (669, 669, '2023-02-02', 'Entregado', 0);
INSERT INTO entregas VALUES (670, 670, NULL, 'Pendiente', NULL);
INSERT INTO entregas VALUES (671, 671, '2023-07-19', 'Entregado', 0);
INSERT INTO entregas VALUES (672, 672, NULL, 'Pendiente', NULL);
INSERT INTO entregas VALUES (673, 673, '2023-05-12', 'Entregado', 0);
INSERT INTO entregas VALUES (674, 674, '2023-05-10', 'Entregado con retraso', 5);
INSERT INTO entregas VALUES (675, 675, '2023-12-25', 'Entregado', 0);
INSERT INTO entregas VALUES (676, 676, '2023-05-24', 'Entregado', 0);
INSERT INTO entregas VALUES (677, 677, '2023-06-02', 'Entregado', 0);
INSERT INTO entregas VALUES (678, 678, '2023-10-04', 'Entregado', 0);
INSERT INTO entregas VALUES (679, 679, '2023-04-02', 'Entregado', 0);
INSERT INTO entregas VALUES (680, 680, '2024-02-16', 'Entregado', 0);
INSERT INTO entregas VALUES (681, 681, '2023-09-05', 'Entregado', 0);
INSERT INTO entregas VALUES (682, 682, '2023-12-06', 'Entregado', 0);
INSERT INTO entregas VALUES (683, 683, NULL, 'Pendiente', NULL);
INSERT INTO entregas VALUES (684, 684, '2023-10-07', 'Entregado', 0);
INSERT INTO entregas VALUES (685, 685, '2023-11-08', 'Entregado con retraso', 5);
INSERT INTO entregas VALUES (686, 686, '2023-02-01', 'Entregado con retraso', 5);
INSERT INTO entregas VALUES (687, 687, '2023-12-25', 'Entregado', 0);
INSERT INTO entregas VALUES (688, 688, '2023-10-17', 'Entregado', 0);
INSERT INTO entregas VALUES (689, 689, NULL, 'Pendiente', NULL);
INSERT INTO entregas VALUES (690, 690, NULL, 'Pendiente', NULL);
INSERT INTO entregas VALUES (691, 691, '2023-06-28', 'Entregado', 0);
INSERT INTO entregas VALUES (692, 692, '2023-04-02', 'Entregado con retraso', 2);
INSERT INTO entregas VALUES (693, 693, '2023-02-17', 'Entregado con retraso', 1);
INSERT INTO entregas VALUES (694, 694, '2023-11-18', 'Entregado con retraso', 2);
INSERT INTO entregas VALUES (695, 695, '2023-12-06', 'Entregado', 0);
INSERT INTO entregas VALUES (696, 696, '2023-10-08', 'Entregado', 0);
INSERT INTO entregas VALUES (697, 697, '2024-03-21', 'Entregado', 0);
INSERT INTO entregas VALUES (698, 698, '2023-05-17', 'Entregado', 0);
INSERT INTO entregas VALUES (699, 699, '2023-02-16', 'Entregado', 0);
INSERT INTO entregas VALUES (700, 700, '2023-10-14', 'Entregado', 0);
INSERT INTO entregas VALUES (701, 701, '2023-01-06', 'Entregado con retraso', 2);
INSERT INTO entregas VALUES (702, 702, '2023-02-25', 'Entregado', 0);
INSERT INTO entregas VALUES (703, 703, '2023-01-23', 'Entregado', 0);
INSERT INTO entregas VALUES (704, 704, '2023-11-29', 'Entregado con retraso', 1);
INSERT INTO entregas VALUES (705, 705, '2024-03-22', 'Entregado', 0);
INSERT INTO entregas VALUES (706, 706, '2023-09-09', 'Entregado', 0);
INSERT INTO entregas VALUES (707, 707, '2023-06-15', 'Entregado', 0);
INSERT INTO entregas VALUES (708, 708, '2023-06-21', 'Entregado con retraso', 2);
INSERT INTO entregas VALUES (709, 709, '2023-10-27', 'Entregado', 0);
INSERT INTO entregas VALUES (710, 710, '2023-09-01', 'Entregado', 0);
INSERT INTO entregas VALUES (711, 711, '2024-01-17', 'Entregado con retraso', 5);
INSERT INTO entregas VALUES (712, 712, '2023-05-06', 'Entregado con retraso', 2);
INSERT INTO entregas VALUES (713, 713, '2024-03-31', 'Entregado con retraso', 3);
INSERT INTO entregas VALUES (714, 714, NULL, 'Pendiente', NULL);
INSERT INTO entregas VALUES (715, 715, '2023-11-24', 'Entregado con retraso', 4);
INSERT INTO entregas VALUES (716, 716, '2023-06-14', 'Entregado', 0);
INSERT INTO entregas VALUES (717, 717, '2024-02-09', 'Entregado con retraso', 3);
INSERT INTO entregas VALUES (718, 718, '2023-10-05', 'Entregado', 0);
INSERT INTO entregas VALUES (719, 719, '2023-03-25', 'Entregado', 0);
INSERT INTO entregas VALUES (720, 720, '2024-02-03', 'Entregado', 0);
INSERT INTO entregas VALUES (721, 721, NULL, 'Pendiente', NULL);
INSERT INTO entregas VALUES (722, 722, '2023-02-25', 'Entregado con retraso', 5);
INSERT INTO entregas VALUES (723, 723, '2023-05-11', 'Entregado con retraso', 1);
INSERT INTO entregas VALUES (724, 724, '2023-01-23', 'Entregado', 0);
INSERT INTO entregas VALUES (725, 725, '2023-05-20', 'Entregado con retraso', 1);
INSERT INTO entregas VALUES (726, 726, NULL, 'Pendiente', NULL);
INSERT INTO entregas VALUES (727, 727, '2024-02-13', 'Entregado', 0);
INSERT INTO entregas VALUES (728, 728, '2023-01-20', 'Entregado', 0);
INSERT INTO entregas VALUES (729, 729, '2024-02-18', 'Entregado', 0);
INSERT INTO entregas VALUES (730, 730, '2023-03-01', 'Entregado', 0);
INSERT INTO entregas VALUES (731, 731, '2024-02-09', 'Entregado con retraso', 4);
INSERT INTO entregas VALUES (732, 732, '2023-12-08', 'Entregado', 0);
INSERT INTO entregas VALUES (733, 733, '2023-10-22', 'Entregado', 0);
INSERT INTO entregas VALUES (734, 734, '2023-10-24', 'Entregado con retraso', 4);
INSERT INTO entregas VALUES (735, 735, '2023-09-30', 'Entregado', 0);
INSERT INTO entregas VALUES (736, 736, '2023-07-08', 'Entregado', 0);
INSERT INTO entregas VALUES (737, 737, '2023-08-02', 'Entregado', 0);
INSERT INTO entregas VALUES (738, 738, '2023-06-08', 'Entregado', 0);
INSERT INTO entregas VALUES (739, 739, '2023-11-27', 'Entregado', 0);
INSERT INTO entregas VALUES (740, 740, '2023-12-13', 'Entregado', 0);
INSERT INTO entregas VALUES (741, 741, '2023-04-25', 'Entregado', 0);
INSERT INTO entregas VALUES (742, 742, NULL, 'Pendiente', NULL);
INSERT INTO entregas VALUES (743, 743, NULL, 'Pendiente', NULL);
INSERT INTO entregas VALUES (744, 744, '2023-07-14', 'Entregado con retraso', 5);
INSERT INTO entregas VALUES (745, 745, '2023-02-27', 'Entregado', 0);
INSERT INTO entregas VALUES (746, 746, '2023-07-04', 'Entregado', 0);
INSERT INTO entregas VALUES (747, 747, '2023-10-29', 'Entregado', 0);
INSERT INTO entregas VALUES (748, 748, '2023-02-19', 'Entregado', 0);
INSERT INTO entregas VALUES (749, 749, NULL, 'Pendiente', NULL);
INSERT INTO entregas VALUES (750, 750, '2024-01-04', 'Entregado', 0);
INSERT INTO entregas VALUES (751, 751, '2023-06-23', 'Entregado', 0);
INSERT INTO entregas VALUES (752, 752, '2023-12-14', 'Entregado', 0);
INSERT INTO entregas VALUES (753, 753, NULL, 'Pendiente', NULL);
INSERT INTO entregas VALUES (754, 754, '2023-08-27', 'Entregado', 0);
INSERT INTO entregas VALUES (755, 755, '2023-07-09', 'Entregado', 0);
INSERT INTO entregas VALUES (756, 756, '2023-12-08', 'Entregado', 0);
INSERT INTO entregas VALUES (757, 757, NULL, 'Pendiente', NULL);
INSERT INTO entregas VALUES (758, 758, '2024-03-23', 'Entregado', 0);
INSERT INTO entregas VALUES (759, 759, '2023-03-04', 'Entregado', 0);
INSERT INTO entregas VALUES (760, 760, '2023-12-09', 'Entregado', 0);
INSERT INTO entregas VALUES (761, 761, '2023-12-16', 'Entregado', 0);
INSERT INTO entregas VALUES (762, 762, '2024-02-11', 'Entregado con retraso', 3);
INSERT INTO entregas VALUES (763, 763, '2023-08-13', 'Entregado', 0);
INSERT INTO entregas VALUES (764, 764, NULL, 'Pendiente', NULL);
INSERT INTO entregas VALUES (765, 765, '2023-01-12', 'Entregado', 0);
INSERT INTO entregas VALUES (766, 766, '2023-05-11', 'Entregado', 0);
INSERT INTO entregas VALUES (767, 767, '2023-01-07', 'Entregado', 0);
INSERT INTO entregas VALUES (768, 768, '2024-02-23', 'Entregado', 0);
INSERT INTO entregas VALUES (769, 769, '2024-01-28', 'Entregado con retraso', 3);
INSERT INTO entregas VALUES (770, 770, '2023-12-02', 'Entregado', 0);
INSERT INTO entregas VALUES (771, 771, '2023-05-23', 'Entregado con retraso', 3);
INSERT INTO entregas VALUES (772, 772, '2023-03-23', 'Entregado', 0);
INSERT INTO entregas VALUES (773, 773, '2023-04-30', 'Entregado con retraso', 5);
INSERT INTO entregas VALUES (774, 774, '2023-09-01', 'Entregado', 0);
INSERT INTO entregas VALUES (775, 775, '2023-11-11', 'Entregado', 0);
INSERT INTO entregas VALUES (776, 776, '2024-02-10', 'Entregado', 0);
INSERT INTO entregas VALUES (777, 777, '2023-10-25', 'Entregado', 0);
INSERT INTO entregas VALUES (778, 778, '2023-09-12', 'Entregado', 0);
INSERT INTO entregas VALUES (779, 779, '2024-03-06', 'Entregado', 0);
INSERT INTO entregas VALUES (780, 780, '2023-07-07', 'Entregado', 0);
INSERT INTO entregas VALUES (781, 781, '2023-07-18', 'Entregado', 0);
INSERT INTO entregas VALUES (782, 782, '2024-01-31', 'Entregado', 0);
INSERT INTO entregas VALUES (783, 783, '2023-11-30', 'Entregado', 0);
INSERT INTO entregas VALUES (784, 784, '2024-03-03', 'Entregado con retraso', 1);
INSERT INTO entregas VALUES (785, 785, NULL, 'Pendiente', NULL);
INSERT INTO entregas VALUES (786, 786, '2023-10-20', 'Entregado', 0);
INSERT INTO entregas VALUES (787, 787, NULL, 'Pendiente', NULL);
INSERT INTO entregas VALUES (788, 788, '2023-08-09', 'Entregado', 0);
INSERT INTO entregas VALUES (789, 789, '2023-10-15', 'Entregado con retraso', 3);
INSERT INTO entregas VALUES (790, 790, '2023-10-07', 'Entregado', 0);
INSERT INTO entregas VALUES (791, 791, '2024-01-29', 'Entregado', 0);
INSERT INTO entregas VALUES (792, 792, NULL, 'Pendiente', NULL);
INSERT INTO entregas VALUES (793, 793, '2023-05-31', 'Entregado', 0);
INSERT INTO entregas VALUES (794, 794, '2024-03-03', 'Entregado', 0);
INSERT INTO entregas VALUES (795, 795, NULL, 'Pendiente', NULL);
INSERT INTO entregas VALUES (796, 796, NULL, 'Pendiente', NULL);
INSERT INTO entregas VALUES (797, 797, '2023-01-11', 'Entregado', 0);
INSERT INTO entregas VALUES (798, 798, '2023-04-25', 'Entregado', 0);
INSERT INTO entregas VALUES (799, 799, '2023-06-10', 'Entregado', 0);
INSERT INTO entregas VALUES (800, 800, '2023-06-12', 'Entregado con retraso', 5);
INSERT INTO entregas VALUES (801, 801, '2023-01-11', 'Entregado', 0);
INSERT INTO entregas VALUES (802, 802, '2023-08-12', 'Entregado con retraso', 5);
INSERT INTO entregas VALUES (803, 803, '2023-10-18', 'Entregado', 0);
INSERT INTO entregas VALUES (804, 804, '2023-08-09', 'Entregado', 0);
INSERT INTO entregas VALUES (805, 805, '2023-06-08', 'Entregado', 0);
INSERT INTO entregas VALUES (806, 806, NULL, 'Pendiente', NULL);
INSERT INTO entregas VALUES (807, 807, '2023-08-28', 'Entregado', 0);
INSERT INTO entregas VALUES (808, 808, '2024-01-13', 'Entregado', 0);
INSERT INTO entregas VALUES (809, 809, '2023-05-14', 'Entregado con retraso', 3);
INSERT INTO entregas VALUES (810, 810, NULL, 'Pendiente', NULL);
INSERT INTO entregas VALUES (811, 811, '2023-03-03', 'Entregado con retraso', 3);
INSERT INTO entregas VALUES (812, 812, '2023-08-04', 'Entregado', 0);
INSERT INTO entregas VALUES (813, 813, '2023-10-14', 'Entregado', 0);
INSERT INTO entregas VALUES (814, 814, '2023-05-20', 'Entregado con retraso', 5);
INSERT INTO entregas VALUES (815, 815, '2023-10-14', 'Entregado', 0);
INSERT INTO entregas VALUES (816, 816, '2023-02-22', 'Entregado con retraso', 2);
INSERT INTO entregas VALUES (817, 817, '2024-03-12', 'Entregado', 0);
INSERT INTO entregas VALUES (818, 818, '2023-01-25', 'Entregado con retraso', 2);
INSERT INTO entregas VALUES (819, 819, '2023-07-13', 'Entregado', 0);
INSERT INTO entregas VALUES (820, 820, '2023-11-11', 'Entregado', 0);
INSERT INTO entregas VALUES (821, 821, '2023-07-10', 'Entregado', 0);
INSERT INTO entregas VALUES (822, 822, '2023-02-07', 'Entregado', 0);
INSERT INTO entregas VALUES (823, 823, '2023-06-24', 'Entregado con retraso', 1);
INSERT INTO entregas VALUES (824, 824, '2023-03-03', 'Entregado con retraso', 4);
INSERT INTO entregas VALUES (825, 825, '2023-04-15', 'Entregado con retraso', 1);
INSERT INTO entregas VALUES (826, 826, '2023-07-23', 'Entregado con retraso', 2);
INSERT INTO entregas VALUES (827, 827, '2023-02-03', 'Entregado con retraso', 3);
INSERT INTO entregas VALUES (828, 828, '2023-01-11', 'Entregado', 0);
INSERT INTO entregas VALUES (829, 829, '2023-07-25', 'Entregado', 0);
INSERT INTO entregas VALUES (830, 830, '2023-08-31', 'Entregado', 0);
INSERT INTO entregas VALUES (831, 831, '2024-01-30', 'Entregado', 0);
INSERT INTO entregas VALUES (832, 832, '2023-10-26', 'Entregado', 0);
INSERT INTO entregas VALUES (833, 833, '2023-07-18', 'Entregado', 0);
INSERT INTO entregas VALUES (834, 834, '2023-08-19', 'Entregado', 0);
INSERT INTO entregas VALUES (835, 835, '2023-07-15', 'Entregado', 0);
INSERT INTO entregas VALUES (836, 836, '2023-12-22', 'Entregado', 0);
INSERT INTO entregas VALUES (837, 837, '2023-12-15', 'Entregado', 0);
INSERT INTO entregas VALUES (838, 838, '2023-03-04', 'Entregado', 0);
INSERT INTO entregas VALUES (839, 839, '2023-07-18', 'Entregado', 0);
INSERT INTO entregas VALUES (840, 840, '2023-04-13', 'Entregado con retraso', 1);
INSERT INTO entregas VALUES (841, 841, '2023-12-24', 'Entregado con retraso', 4);
INSERT INTO entregas VALUES (842, 842, '2024-02-06', 'Entregado', 0);
INSERT INTO entregas VALUES (843, 843, '2023-09-13', 'Entregado con retraso', 3);
INSERT INTO entregas VALUES (844, 844, '2023-07-15', 'Entregado', 0);
INSERT INTO entregas VALUES (845, 845, '2023-07-22', 'Entregado con retraso', 4);
INSERT INTO entregas VALUES (846, 846, '2023-05-22', 'Entregado', 0);
INSERT INTO entregas VALUES (847, 847, '2024-02-02', 'Entregado', 0);
INSERT INTO entregas VALUES (848, 848, '2023-07-01', 'Entregado', 0);
INSERT INTO entregas VALUES (849, 849, '2023-11-26', 'Entregado', 0);
INSERT INTO entregas VALUES (850, 850, '2023-08-19', 'Entregado con retraso', 3);
INSERT INTO entregas VALUES (851, 851, '2024-01-19', 'Entregado con retraso', 4);
INSERT INTO entregas VALUES (852, 852, '2023-07-18', 'Entregado', 0);
INSERT INTO entregas VALUES (853, 853, '2023-05-01', 'Entregado con retraso', 5);
INSERT INTO entregas VALUES (854, 854, NULL, 'Pendiente', NULL);
INSERT INTO entregas VALUES (855, 855, '2023-09-06', 'Entregado', 0);
INSERT INTO entregas VALUES (856, 856, '2023-03-02', 'Entregado con retraso', 3);
INSERT INTO entregas VALUES (857, 857, '2024-03-28', 'Entregado con retraso', 2);
INSERT INTO entregas VALUES (858, 858, '2024-01-04', 'Entregado', 0);
INSERT INTO entregas VALUES (859, 859, '2023-10-02', 'Entregado con retraso', 2);
INSERT INTO entregas VALUES (860, 860, '2023-07-18', 'Entregado', 0);
INSERT INTO entregas VALUES (861, 861, '2023-10-10', 'Entregado', 0);
INSERT INTO entregas VALUES (862, 862, '2023-03-05', 'Entregado con retraso', 5);
INSERT INTO entregas VALUES (863, 863, '2023-01-19', 'Entregado', 0);
INSERT INTO entregas VALUES (864, 864, '2023-03-13', 'Entregado', 0);
INSERT INTO entregas VALUES (865, 865, '2023-10-19', 'Entregado', 0);
INSERT INTO entregas VALUES (866, 866, '2023-05-14', 'Entregado con retraso', 4);
INSERT INTO entregas VALUES (867, 867, NULL, 'Pendiente', NULL);
INSERT INTO entregas VALUES (868, 868, '2023-10-16', 'Entregado', 0);
INSERT INTO entregas VALUES (869, 869, '2023-03-13', 'Entregado', 0);
INSERT INTO entregas VALUES (870, 870, '2023-12-28', 'Entregado con retraso', 2);
INSERT INTO entregas VALUES (871, 871, '2024-01-26', 'Entregado con retraso', 4);
INSERT INTO entregas VALUES (872, 872, '2024-01-01', 'Entregado con retraso', 2);
INSERT INTO entregas VALUES (873, 873, NULL, 'Pendiente', NULL);
INSERT INTO entregas VALUES (874, 874, '2023-04-12', 'Entregado', 0);
INSERT INTO entregas VALUES (875, 875, '2023-09-14', 'Entregado', 0);
INSERT INTO entregas VALUES (876, 876, '2023-03-27', 'Entregado con retraso', 3);
INSERT INTO entregas VALUES (877, 877, NULL, 'Pendiente', NULL);
INSERT INTO entregas VALUES (878, 878, '2023-08-16', 'Entregado', 0);
INSERT INTO entregas VALUES (879, 879, NULL, 'Pendiente', NULL);
INSERT INTO entregas VALUES (880, 880, NULL, 'Pendiente', NULL);
INSERT INTO entregas VALUES (881, 881, '2024-01-24', 'Entregado', 0);
INSERT INTO entregas VALUES (882, 882, NULL, 'Pendiente', NULL);
INSERT INTO entregas VALUES (883, 883, '2024-03-28', 'Entregado con retraso', 1);
INSERT INTO entregas VALUES (884, 884, '2023-02-10', 'Entregado', 0);
INSERT INTO entregas VALUES (885, 885, '2023-05-31', 'Entregado con retraso', 4);
INSERT INTO entregas VALUES (886, 886, '2023-07-07', 'Entregado', 0);
INSERT INTO entregas VALUES (887, 887, '2023-12-04', 'Entregado', 0);
INSERT INTO entregas VALUES (888, 888, '2023-05-03', 'Entregado', 0);
INSERT INTO entregas VALUES (889, 889, '2023-10-18', 'Entregado', 0);
INSERT INTO entregas VALUES (890, 890, '2024-03-11', 'Entregado', 0);
INSERT INTO entregas VALUES (891, 891, '2023-06-18', 'Entregado con retraso', 4);
INSERT INTO entregas VALUES (892, 892, '2024-03-11', 'Entregado', 0);
INSERT INTO entregas VALUES (893, 893, '2023-09-07', 'Entregado con retraso', 5);
INSERT INTO entregas VALUES (894, 894, '2023-03-25', 'Entregado', 0);
INSERT INTO entregas VALUES (895, 895, '2023-10-29', 'Entregado', 0);
INSERT INTO entregas VALUES (896, 896, '2023-11-26', 'Entregado', 0);
INSERT INTO entregas VALUES (897, 897, '2023-08-27', 'Entregado', 0);
INSERT INTO entregas VALUES (898, 898, NULL, 'Pendiente', NULL);
INSERT INTO entregas VALUES (899, 899, '2023-11-08', 'Entregado', 0);
INSERT INTO entregas VALUES (900, 900, '2023-10-24', 'Entregado', 0);
INSERT INTO entregas VALUES (901, 901, '2023-09-18', 'Entregado', 0);
INSERT INTO entregas VALUES (902, 902, '2023-02-12', 'Entregado', 0);
INSERT INTO entregas VALUES (903, 903, NULL, 'Pendiente', NULL);
INSERT INTO entregas VALUES (904, 904, '2023-12-21', 'Entregado con retraso', 1);
INSERT INTO entregas VALUES (905, 905, '2023-01-27', 'Entregado', 0);
INSERT INTO entregas VALUES (906, 906, '2023-11-10', 'Entregado', 0);
INSERT INTO entregas VALUES (907, 907, '2023-07-18', 'Entregado', 0);
INSERT INTO entregas VALUES (908, 908, '2023-10-03', 'Entregado', 0);
INSERT INTO entregas VALUES (909, 909, '2023-03-04', 'Entregado', 0);
INSERT INTO entregas VALUES (910, 910, '2023-02-14', 'Entregado con retraso', 5);
INSERT INTO entregas VALUES (911, 911, '2023-11-25', 'Entregado con retraso', 5);
INSERT INTO entregas VALUES (912, 912, '2024-03-16', 'Entregado con retraso', 2);
INSERT INTO entregas VALUES (913, 913, '2023-05-29', 'Entregado', 0);
INSERT INTO entregas VALUES (914, 914, '2023-03-24', 'Entregado', 0);
INSERT INTO entregas VALUES (915, 915, '2023-01-14', 'Entregado con retraso', 3);
INSERT INTO entregas VALUES (916, 916, '2024-01-08', 'Entregado', 0);
INSERT INTO entregas VALUES (917, 917, NULL, 'Pendiente', NULL);
INSERT INTO entregas VALUES (918, 918, '2024-03-06', 'Entregado con retraso', 2);
INSERT INTO entregas VALUES (919, 919, '2023-04-09', 'Entregado', 0);
INSERT INTO entregas VALUES (920, 920, '2024-02-04', 'Entregado', 0);
INSERT INTO entregas VALUES (921, 921, '2023-03-03', 'Entregado', 0);
INSERT INTO entregas VALUES (922, 922, '2023-06-21', 'Entregado con retraso', 5);
INSERT INTO entregas VALUES (923, 923, '2023-05-28', 'Entregado', 0);
INSERT INTO entregas VALUES (924, 924, '2024-03-03', 'Entregado', 0);
INSERT INTO entregas VALUES (925, 925, '2023-12-28', 'Entregado', 0);
INSERT INTO entregas VALUES (926, 926, '2024-02-17', 'Entregado', 0);
INSERT INTO entregas VALUES (927, 927, '2023-11-09', 'Entregado con retraso', 5);
INSERT INTO entregas VALUES (928, 928, '2023-03-30', 'Entregado', 0);
INSERT INTO entregas VALUES (929, 929, '2024-01-13', 'Entregado', 0);
INSERT INTO entregas VALUES (930, 930, '2023-12-08', 'Entregado', 0);
INSERT INTO entregas VALUES (931, 931, '2023-10-20', 'Entregado con retraso', 5);
INSERT INTO entregas VALUES (932, 932, '2023-03-11', 'Entregado', 0);
INSERT INTO entregas VALUES (933, 933, '2023-10-18', 'Entregado', 0);
INSERT INTO entregas VALUES (934, 934, '2023-04-30', 'Entregado', 0);
INSERT INTO entregas VALUES (935, 935, '2023-04-02', 'Entregado', 0);
INSERT INTO entregas VALUES (936, 936, '2023-03-07', 'Entregado', 0);
INSERT INTO entregas VALUES (937, 937, '2023-04-04', 'Entregado', 0);
INSERT INTO entregas VALUES (938, 938, '2023-05-26', 'Entregado', 0);
INSERT INTO entregas VALUES (939, 939, '2023-12-30', 'Entregado', 0);
INSERT INTO entregas VALUES (940, 940, '2023-04-26', 'Entregado con retraso', 1);
INSERT INTO entregas VALUES (941, 941, '2023-03-20', 'Entregado', 0);
INSERT INTO entregas VALUES (942, 942, '2023-05-04', 'Entregado', 0);
INSERT INTO entregas VALUES (943, 943, '2023-03-22', 'Entregado', 0);
INSERT INTO entregas VALUES (944, 944, '2023-05-26', 'Entregado', 0);
INSERT INTO entregas VALUES (945, 945, '2023-06-29', 'Entregado', 0);
INSERT INTO entregas VALUES (946, 946, '2023-08-29', 'Entregado', 0);
INSERT INTO entregas VALUES (947, 947, '2023-06-29', 'Entregado', 0);
INSERT INTO entregas VALUES (948, 948, '2023-08-01', 'Entregado', 0);
INSERT INTO entregas VALUES (949, 949, '2024-01-24', 'Entregado', 0);
INSERT INTO entregas VALUES (950, 950, '2024-01-12', 'Entregado', 0);
INSERT INTO entregas VALUES (951, 951, '2023-11-05', 'Entregado', 0);
INSERT INTO entregas VALUES (952, 952, '2023-05-06', 'Entregado', 0);
INSERT INTO entregas VALUES (953, 953, '2023-03-30', 'Entregado con retraso', 2);
INSERT INTO entregas VALUES (954, 954, '2024-02-23', 'Entregado con retraso', 1);
INSERT INTO entregas VALUES (955, 955, '2023-05-04', 'Entregado', 0);
INSERT INTO entregas VALUES (956, 956, '2023-07-23', 'Entregado con retraso', 5);
INSERT INTO entregas VALUES (957, 957, '2023-05-18', 'Entregado con retraso', 1);
INSERT INTO entregas VALUES (958, 958, '2023-02-23', 'Entregado', 0);
INSERT INTO entregas VALUES (959, 959, '2024-02-20', 'Entregado', 0);
INSERT INTO entregas VALUES (960, 960, '2023-12-12', 'Entregado', 0);
INSERT INTO entregas VALUES (961, 961, NULL, 'Pendiente', NULL);
INSERT INTO entregas VALUES (962, 962, '2023-05-05', 'Entregado', 0);
INSERT INTO entregas VALUES (963, 963, '2024-01-15', 'Entregado', 0);
INSERT INTO entregas VALUES (964, 964, '2024-03-03', 'Entregado con retraso', 4);
INSERT INTO entregas VALUES (965, 965, '2023-11-26', 'Entregado', 0);
INSERT INTO entregas VALUES (966, 966, '2023-02-12', 'Entregado', 0);
INSERT INTO entregas VALUES (967, 967, '2023-08-10', 'Entregado', 0);
INSERT INTO entregas VALUES (968, 968, '2023-10-14', 'Entregado', 0);
INSERT INTO entregas VALUES (969, 969, '2023-10-27', 'Entregado con retraso', 3);
INSERT INTO entregas VALUES (970, 970, '2023-04-18', 'Entregado con retraso', 3);
INSERT INTO entregas VALUES (971, 971, '2023-03-08', 'Entregado con retraso', 5);
INSERT INTO entregas VALUES (972, 972, '2023-04-22', 'Entregado', 0);
INSERT INTO entregas VALUES (973, 973, '2023-06-09', 'Entregado', 0);
INSERT INTO entregas VALUES (974, 974, '2023-04-22', 'Entregado con retraso', 2);
INSERT INTO entregas VALUES (975, 975, '2024-02-29', 'Entregado con retraso', 4);
INSERT INTO entregas VALUES (976, 976, '2023-09-25', 'Entregado', 0);
INSERT INTO entregas VALUES (977, 977, '2023-01-02', 'Entregado', 0);
INSERT INTO entregas VALUES (978, 978, '2023-05-31', 'Entregado', 0);
INSERT INTO entregas VALUES (979, 979, NULL, 'Pendiente', NULL);
INSERT INTO entregas VALUES (980, 980, '2024-01-16', 'Entregado', 0);
INSERT INTO entregas VALUES (981, 981, '2023-08-21', 'Entregado', 0);
INSERT INTO entregas VALUES (982, 982, '2024-03-11', 'Entregado con retraso', 1);
INSERT INTO entregas VALUES (983, 983, '2024-01-03', 'Entregado', 0);
INSERT INTO entregas VALUES (984, 984, '2023-12-29', 'Entregado', 0);
INSERT INTO entregas VALUES (985, 985, '2024-03-21', 'Entregado', 0);
INSERT INTO entregas VALUES (986, 986, '2023-03-04', 'Entregado con retraso', 5);
INSERT INTO entregas VALUES (987, 987, '2024-03-30', 'Entregado con retraso', 4);
INSERT INTO entregas VALUES (988, 988, '2023-04-29', 'Entregado', 0);
INSERT INTO entregas VALUES (989, 989, '2024-03-08', 'Entregado', 0);
INSERT INTO entregas VALUES (990, 990, '2023-11-28', 'Entregado con retraso', 2);
INSERT INTO entregas VALUES (991, 991, '2023-11-27', 'Entregado', 0);
INSERT INTO entregas VALUES (992, 992, '2024-03-25', 'Entregado con retraso', 4);
INSERT INTO entregas VALUES (993, 993, '2024-03-11', 'Entregado con retraso', 3);
INSERT INTO entregas VALUES (994, 994, '2023-05-14', 'Entregado', 0);
INSERT INTO entregas VALUES (995, 995, NULL, 'Pendiente', NULL);
INSERT INTO entregas VALUES (996, 996, '2023-06-29', 'Entregado', 0);
INSERT INTO entregas VALUES (997, 997, '2023-01-27', 'Entregado', 0);
INSERT INTO entregas VALUES (998, 998, NULL, 'Pendiente', NULL);
INSERT INTO entregas VALUES (999, 999, '2024-01-29', 'Entregado', 0);
INSERT INTO entregas VALUES (1000, 1000, '2023-04-24', 'Entregado', 0);